kmer,dim_0,dim_1,dim_2,dim_3,dim_4,dim_5,dim_6,dim_7,dim_8,dim_9,dim_10,dim_11,dim_12,dim_13,dim_14,dim_15,dim_16,dim_17,dim_18,dim_19,dim_20,dim_21,dim_22,dim_23,dim_24,dim_25,dim_26,dim_27,dim_28,dim_29,dim_30,dim_31,dim_32,dim_33,dim_34,dim_35,dim_36,dim_37,dim_38,dim_39,dim_40,dim_41,dim_42,dim_43,dim_44,dim_45,dim_46,dim_47,dim_48,dim_49,dim_50,dim_51,dim_52,dim_53,dim_54,dim_55,dim_56,dim_57,dim_58,dim_59,dim_60,dim_61,dim_62,dim_63,gc_content
GCGC,0.13022174,-0.23661017,0.76071423,-0.17001177,-0.015195472,0.21454796,-0.0872308,0.31734297,-0.33877298,0.14015798,-0.19222817,0.10333974,0.03697187,-0.024731783,-0.14282626,-0.033531044,0.12958781,0.48423415,-0.060524225,0.06478848,0.33918297,-0.309137,-0.30630323,0.0031470119,0.34065142,-0.39568436,0.0667094,0.07937019,0.3479921,0.034735873,0.18396926,-0.052940514,0.074790455,-0.017920574,0.34444085,-0.30891207,0.5893359,0.009738082,-0.083329916,0.14632429,-0.28879294,-0.14240007,-0.08735991,0.010321302,-0.09494023,0.43656212,-0.3214058,0.061366733,0.024988342,-0.39261168,0.48835492,-0.05731443,0.28070566,-0.5033253,-0.19455397,-0.58496994,0.23267831,-0.33414152,0.2314592,-0.08214261,-0.03809497,0.3357577,0.23645075,0.58785236,100.0
CGCG,0.019942956,-0.09982112,0.79355925,-0.18280172,-0.15256402,0.1802764,0.18584858,0.17699297,-0.3524783,0.29387423,0.10144817,-0.0062860707,0.06469684,-0.20365176,-0.17732285,0.23970823,0.105457775,0.6947544,-0.20918368,0.23120247,0.16260213,-0.21649949,-0.29395497,-0.13894175,0.28898832,-0.27611032,-0.028957922,0.035860594,0.43471128,0.207751,0.20939013,-0.019505609,-0.11108846,0.036956243,0.34914857,-0.3523056,0.3414347,-0.22302039,-0.048374653,-0.005800892,-0.42747465,-0.114720814,-0.17552128,0.2231159,-0.042872038,0.45471993,-0.09810717,-0.09056574,-0.12354213,-0.4139823,0.365377,0.1097731,0.30731508,-0.40623942,-0.34008518,-0.5276664,0.30416775,-0.30417,0.09033772,0.15093812,-0.20323505,0.35142767,0.12913506,0.6706816,100.0
GGCG,0.24699001,-0.24410123,0.48599803,-0.09169411,0.10857979,0.22095847,0.044141494,0.030609686,-0.26993495,0.11298447,-0.2683468,-0.17531481,0.256676,0.11116907,-0.3515346,-0.037525803,0.32973012,0.80876416,-0.18094245,0.29316762,0.25464672,-0.21127528,0.09688303,-0.026470704,0.19571687,-0.33116987,-0.03192648,0.010565528,0.12246948,0.09680863,-0.091337055,0.01444835,0.08529708,-0.100341074,0.26578164,-0.17177452,0.33816049,-0.1770289,0.016524188,-0.016094329,-0.14394037,-0.44577143,-0.29961815,0.10828836,0.13761687,0.25107074,0.022002762,-0.25674197,-0.04872355,-0.31000206,0.25811642,-0.026753081,-0.10819957,-0.23804778,-0.17175059,-0.46085602,0.2851792,-0.12755556,-0.106904194,-0.41563186,-0.29478353,0.18648033,0.12761152,0.6503211,100.0
CGCC,0.06419145,-0.2418836,0.5766684,-0.21958429,0.051458817,-0.124592185,0.11067318,0.27721116,-0.19899635,0.31330255,0.028169097,0.16396467,-0.14070557,-0.2311597,-0.18372759,0.16353604,-0.1878375,0.7609672,-0.2697545,0.34422845,0.13876285,-0.026325496,-0.323033,-0.27696598,-0.005367594,-0.3585808,0.05670544,0.11558748,0.15529378,0.11861916,0.106923655,-0.11935596,-0.09772774,0.16860898,0.25650257,-0.029917574,0.49085078,-0.0671235,-0.096266165,0.27080435,-0.14493208,-0.11572348,0.049568824,0.033253606,-0.13127843,0.41186026,-0.29816025,0.053971637,-0.28615,-0.29917794,0.24198076,0.24876179,0.24573554,-0.38914475,-0.32451332,-0.2002968,0.13516366,-0.5231027,-0.16328117,0.103872836,-0.3542961,0.274751,0.27932376,0.46137014,100.0
CCCC,0.07174394,-0.46892956,0.11580524,0.033135653,0.20875172,-0.22290283,-0.36725146,0.14420205,-0.014707299,0.16308072,-0.08040372,0.0885538,-0.14464137,-0.35995898,-0.35859203,-0.25111264,-0.22366814,0.88163304,-0.25838146,0.30923283,0.10981965,0.24954468,-0.40686676,-0.5723074,-0.04013538,-0.34596485,0.057168763,-0.055025205,-0.19000475,0.06389289,-0.3792312,0.15185678,0.097078435,0.18190661,-0.026177743,0.20614006,0.64098835,-0.11395053,-0.18744922,0.40002266,0.2162231,-0.26373336,-0.18305656,-0.20707142,-0.075380646,0.22889668,-0.39019907,-0.021486515,-0.2851652,-0.5606761,0.085250884,0.3299033,0.04047827,0.102730736,-0.4268055,0.047402665,0.041639823,-0.4148955,-0.37446278,-0.13381864,-0.2930712,0.36500445,0.2871172,0.19017279,100.0
GGGG,0.44275585,-0.42462507,0.18747881,-0.0011741285,0.45019475,0.19730301,-0.130454,-0.43179998,-0.27160674,0.06522209,-0.2974393,-0.43434238,0.07719336,0.2305816,-0.46450478,0.04579553,0.27840412,0.39374417,0.007675276,0.52419645,0.52632004,-0.13757245,-0.17320348,-0.016945908,0.1733141,-0.2098697,0.1980975,-0.16725194,-0.44663975,0.10900726,-0.18505593,-0.29181468,-0.051099103,-0.08391234,0.3142993,-0.015505854,0.29799235,0.026326172,-0.19328739,0.31030142,0.098476805,-0.2699533,-0.16585024,0.19825052,-0.06255704,0.17805116,0.13249125,-0.64784634,-0.16116539,-0.43999055,-0.2555402,0.048835352,-0.0015119046,-0.035456795,-0.06341369,-0.2606707,0.4683251,0.19777243,-4.7560316e-05,-0.7917341,-0.24587221,0.29070115,0.6527501,0.40159497,100.0
GCCC,0.08765702,-0.49331012,0.27743554,0.03234839,0.34389836,-0.33374998,-0.17717566,-0.036247354,-0.02981814,0.20515561,-0.16967678,-0.028824596,-0.27465427,-0.26865637,-0.42834193,-0.013741506,0.1967196,0.6329058,-0.3270059,0.29661953,0.08616348,0.08903164,-0.29798284,-0.42255494,0.07777444,-0.46016616,-0.15241961,-0.076157026,-0.17739321,-0.022623215,-0.19575126,0.23842001,0.12648731,-0.0020928928,0.09711145,-0.0118276,0.6911623,-0.18458952,-0.03781103,0.4150072,0.251818,-0.31250075,-0.03144966,-0.13045675,-0.09795621,0.30142343,-0.42960963,-0.027229417,-0.021153662,-0.41568708,0.22470202,0.1510181,0.018245656,-0.037505575,-0.4218404,-0.10210843,0.19742148,-0.5465128,-0.16697933,-0.1714381,-0.26646912,0.3029527,0.38305545,0.38712284,100.0
CCCG,0.16439061,-0.38552824,0.45837152,0.021154122,-0.005227223,-0.09186005,-0.22829928,0.071346976,-0.13912408,0.3844222,0.0056750774,-0.11885209,-0.11749003,-0.31951368,-0.41190484,-0.015208589,-0.123924665,1.0690249,-0.22087996,0.25335792,-0.01554981,0.0706554,-0.3673907,-0.4220428,0.012320288,-0.30411953,0.06300644,-0.14301668,0.09421448,0.045867864,-0.25794047,-0.011953931,-0.15832439,0.16609354,0.03434398,0.046267208,0.3440377,-0.28817767,-0.117241316,0.26930514,-0.016967107,-0.27558294,-0.008933105,0.04203062,-0.149712,0.39937642,-0.14497016,-0.19673166,-0.352436,-0.24423438,0.21716174,0.20369516,-0.072534114,0.033583518,-0.27575392,-0.14151786,0.12835357,-0.38951465,-0.2851242,-0.054740626,-0.48395115,0.13994211,0.22561203,0.42801043,100.0
GCGG,0.5134767,-0.14060898,0.5995057,-0.1504898,0.16354336,0.29789954,0.021890566,0.037196692,-0.39550892,0.19134709,-0.29585046,-0.12742007,-0.025783297,0.02247325,-0.29885074,-0.049596786,0.15384859,0.4825883,0.017262327,0.14899178,0.25687566,-0.34603012,-0.07312423,-0.10467051,0.20628141,-0.3853678,0.098046474,-0.14351667,0.16721112,-0.02730012,0.15991038,-0.2557114,0.10789342,-0.2989271,0.30999327,-0.15834528,0.3936952,-0.05519819,0.037780125,0.01302076,-0.15514341,-0.24144536,-0.011446663,0.12632722,0.07596553,0.45007348,0.17574635,-0.41062123,0.0613288,-0.45466825,0.12886131,-0.08617728,-0.011709818,-0.29088846,-0.116297714,-0.46652812,0.3468034,-0.18357946,0.2756242,-0.47330558,-0.27788123,-0.076433584,0.16916911,0.6611044,100.0
CGGC,0.29868388,-0.13646048,0.39573705,-0.27380866,-0.028375516,0.13561566,-0.016315969,-0.063858666,-0.23242323,0.36358887,-0.009669427,-0.081957705,0.38588053,0.0904711,-0.11995098,0.030749103,-0.16687125,0.7878975,-0.10684463,0.5548187,0.27930713,-0.126004,-0.116859354,-0.2945685,0.076402396,-0.3755836,-0.0860673,-0.1255864,0.15089086,-0.069975816,-0.03822536,0.26043877,-0.048747018,0.058143094,0.091142006,-0.100591004,0.3730816,-0.104584105,0.011283533,0.2748739,-0.045188803,-0.34975818,-0.303158,0.06343984,-0.074698836,0.07825635,-0.12930915,-0.3593563,0.079723425,-0.43538398,0.20429741,-0.10419251,-0.008552356,-0.24404891,-0.14260307,-0.38999328,0.31119668,-0.37331125,-0.16158198,-0.14266293,-0.045183644,0.27605703,0.049566012,0.6387804,100.0
GCCG,0.21072868,-0.28425324,0.5956515,0.13703457,0.11975252,-0.083696716,-0.005890808,0.0063027646,-0.05109387,0.66531026,-0.1204885,-0.25970423,-0.17619543,-0.020972444,-0.45537204,0.057523802,0.31114417,0.7141346,-0.21049778,-0.016801974,0.092536084,-0.040868085,-0.2644151,-0.10072758,0.22297728,-0.34237245,-0.18532015,-0.10562642,0.077287026,-0.012625311,0.14035791,-0.039629262,0.088584654,0.07092846,0.025548967,-0.21581599,0.4156939,-0.30686817,0.047359463,0.23329972,-0.06978529,-0.19607115,-0.009349574,0.35315105,-0.16465066,0.383028,-0.12139756,-0.24283291,-0.17366801,-0.13026728,0.4751054,0.28697154,-0.017770754,-0.06827547,-0.23141691,-0.13294616,0.32424486,-0.30112,-0.17981037,-0.1496368,-0.34966183,0.23415297,0.32853103,0.48863217,100.0
CCGG,0.47602943,-0.19273554,0.20475869,-0.07723874,0.23597713,0.08941341,-0.10693208,0.12880169,-0.1749062,0.26582643,-0.07934141,-0.1631013,-0.06656423,-0.1929604,-0.51745856,-0.18082339,-0.11568257,0.877078,0.052807562,0.35990068,0.35208952,-0.035115995,-0.26461253,-0.3775585,-0.17722937,-0.26269168,0.18883385,-0.22112744,-0.044602636,0.1062747,-0.32561547,-0.13629994,-0.03892517,-0.108450845,0.1339783,0.35133663,0.23290358,-0.012222213,-0.014428961,0.09237918,-0.09199487,-0.3773883,0.026978524,0.103697225,-0.002314946,0.2316175,0.2746478,-0.49026656,-0.4123674,-0.474093,0.15501592,-0.04868453,0.040112156,-0.0010471401,-0.39624292,-0.21974577,0.1504722,-0.23825903,-0.19613917,-0.21569037,-0.41588053,0.16141872,0.12987277,0.52662796,100.0
CCGT,-0.099631056,-0.2412153,0.068759516,0.08305607,-0.24210085,-0.27677035,-0.30693015,0.24521732,-0.18008162,0.32571328,-0.067891024,-0.03095271,-0.02626294,-0.30890796,-0.5334972,-0.07342062,0.14135662,0.8635608,-0.24269676,0.28664735,0.008929309,-0.29030165,-0.31547928,0.020694483,0.020065699,-0.03525404,-0.111872,-0.41082674,0.074499786,0.4780409,-0.4618373,0.057463877,-0.06945395,0.055419024,0.19371071,0.17536502,0.43549645,-0.34369943,-0.16227211,-0.13327342,-0.24620478,0.06412089,-0.28907895,0.17360078,0.17693014,0.3091785,0.12152477,-0.14040646,-0.5997859,-0.078158185,0.2422754,0.30578125,-0.13094978,-0.06671531,-0.5652659,0.079496376,0.07065527,-0.2524393,-0.031230487,0.33783856,-0.46912822,0.17596996,-0.19595242,0.060336906,75.0
CCGC,-0.06375389,-0.32163244,0.4379363,0.030426756,-0.0060441014,-0.09774716,-0.13918921,0.28990903,-0.1937576,0.33027628,0.023596805,-0.05922582,-0.23718958,-0.23749617,-0.32195318,-0.13565964,-0.08952079,0.77710557,-0.094711006,0.2842607,0.3455644,-0.010318117,-0.27838075,-0.1257294,0.053135373,-0.3555725,0.046013277,0.0012685679,0.26806843,0.22875586,-0.072754845,0.22397634,0.049404666,0.2306098,0.21689028,0.052279532,0.46518666,-0.021505704,-0.14071813,0.1482871,-0.21991818,-0.086424485,-0.0743366,-0.020922171,-0.12561688,0.16489494,-0.20888902,0.025034765,-0.38174376,-0.38201663,0.49222517,0.06094355,0.27648097,-0.29819572,-0.5356985,-0.19992755,-0.014992783,-0.61677635,-0.022261124,0.15342829,-0.21371403,0.43757293,0.24255311,0.3770867,100.0
TCGC,0.15554032,-0.13070549,0.2886617,-0.2162142,-0.26501825,0.053338286,0.12229934,0.5615057,-0.040016387,0.29308158,-0.19390488,0.116665326,0.08600902,-0.46714604,-0.013251679,-0.05566075,-0.016772015,0.37932575,-0.08191852,0.211466,0.59998554,0.10566575,-0.59151846,0.07793536,0.45617262,-0.28038907,0.09786009,0.015736481,0.20232673,0.23263937,0.072993286,-0.010912492,0.006092542,0.18248846,0.035328206,-0.13616647,0.29595748,0.020502146,-0.26739526,0.17346592,-0.19723561,-0.16532588,-0.0061229835,0.24362439,-0.08449283,0.27780992,-0.05259421,0.057477307,0.036225196,-0.38897604,0.23957662,0.099008754,0.5501185,-0.32369408,-0.30248222,-0.19150361,0.28719953,-0.07333954,0.23977631,0.20361966,-0.031036645,0.39667824,0.0105980635,0.23263767,75.0
GGCC,0.37761322,-0.40523955,0.36270547,-0.020506505,0.41748682,-0.074391946,0.0041441815,-0.06292162,-0.15926094,0.05426197,-0.15966234,-0.07086883,0.04176639,0.09371412,-0.39497337,0.010543694,0.027842596,0.8223681,-0.15368934,0.39923725,0.18532348,0.016986161,-0.24757446,-0.20721969,-0.009977197,-0.3616507,0.10143028,0.10496134,-0.33655038,0.011968219,-0.15920122,-0.18453181,0.03086383,0.029914511,0.36776307,0.18908496,0.5175545,-0.098393396,-0.046810046,0.22836922,0.2250216,-0.38468674,-0.24364775,-0.015735751,-0.11733224,0.2904251,-0.12696537,-0.29204547,-0.20434533,-0.26688546,0.11338008,0.069481105,0.051375337,-0.16022849,-0.06870424,-0.0006822922,0.11862695,-0.28619003,-0.317463,-0.59895504,-0.32276136,0.25388762,0.51099914,0.318017,100.0
GGGC,0.41447377,-0.29800984,0.45151964,-0.13402337,0.27116248,0.1712988,-0.22061554,-0.28378224,-0.27560753,0.03672757,-0.20819081,-0.19488001,0.21397285,0.18794054,-0.24737516,-0.02530183,0.12609592,0.57343835,-0.119904,0.466153,0.4488304,-0.22206925,-0.23298725,-0.27290902,0.1586668,-0.39891782,0.18252878,0.014192144,-0.16487631,-0.05450221,-0.121103354,-0.04500463,0.06411627,0.018347325,0.24528538,-0.023629831,0.4765623,0.13575439,-0.16136788,0.2573871,0.22672318,-0.3610422,-0.22337899,0.05563758,-0.16490504,0.0078707235,-0.15520242,-0.41778237,0.028567651,-0.45469078,-0.114880405,-0.05201052,-0.018554078,-0.18790796,-0.07383644,-0.35231227,0.4325312,0.002346558,-0.033957858,-0.5774118,-0.13332476,0.38266182,0.5225679,0.5536341,100.0
CGGA,0.20697132,-0.00087634363,0.18156235,-0.42225,0.08999277,0.38010955,-0.074499615,0.011354262,-0.049834967,0.21936128,-0.25345036,-0.27995676,0.1924221,0.022633495,-0.03782214,0.11764425,-0.20009826,0.50945914,0.12713431,0.42288032,0.21434006,-0.13033491,0.084181294,-0.04777055,-0.0897969,-0.02321145,-0.122544535,-0.22410208,0.18379906,0.19464111,0.09403132,0.00758022,-0.23303594,-0.08558674,-0.035843085,-0.22605653,0.22824459,-0.14870441,0.19102286,0.11521147,-0.30858675,-0.09422493,-0.099767186,0.31412214,0.120938905,0.24654832,0.51183754,-0.6385778,-0.48217955,-0.5944265,-0.10528706,-0.038523786,-0.089524314,-0.22752537,0.18681936,-0.10943814,0.17103449,-0.277082,-0.07420776,-0.27188224,-0.292578,0.22784533,-0.050938535,0.39682508,75.0
CGTC,0.074889004,0.11134171,0.004737144,-0.10185408,-0.3408176,0.16372164,-0.07485452,0.24133496,-0.09923492,0.39006352,0.07582558,-0.0025554467,0.10288989,-0.44477114,-0.41632345,-0.19941197,0.042430576,0.69490176,-0.22400163,0.24606553,0.15009214,-0.19790603,-0.6251764,0.04483695,0.22730781,-0.1279407,0.018212501,-0.34181577,0.10254119,0.5163762,-0.262115,-0.004913866,-0.08205897,0.25074184,0.104705155,0.008363509,0.3852253,-0.3844685,-0.19876195,0.060182426,-0.38717723,0.078526236,-0.29796976,0.1470833,-0.083954886,0.3066065,0.22175352,-0.1486933,-0.019941693,-0.30552554,0.3575629,0.37869576,0.2522209,0.088296704,-0.49846777,0.08657714,0.33012563,0.18127407,-0.19276771,0.25851905,-0.3970026,0.5122234,-0.2264551,0.015103022,75.0
CGCT,0.042359844,-0.23257174,0.45532027,-0.3421126,-0.33457986,-0.07746432,0.41888434,0.20276973,-0.36981034,0.2436203,-0.08967713,0.33951843,0.15305197,-0.18152453,-0.060524542,0.089535944,0.17476171,0.3316482,-0.055694446,0.56099206,0.15293407,-0.21498613,-0.51824707,-0.09710454,0.21668456,-0.3349234,0.08346845,0.040703245,0.028203795,0.15546882,0.15228929,0.13207546,-0.0155023215,0.18333124,-0.005731914,-0.23249961,0.102196716,0.054766763,-0.024420375,-0.060500797,-0.256088,0.16195862,0.023584979,0.01871226,-0.18407951,0.17160948,-0.4467931,-0.19214107,0.0046475236,-0.46891975,0.22924577,-0.19375323,0.25095338,-0.41493762,-0.40556693,-0.46955836,0.20994551,-0.29277357,0.35939166,-0.016465086,-0.10667286,0.30596718,-0.006439208,0.34296355,75.0
GCTG,0.3120527,-0.30406642,0.36236605,-0.0997049,-0.123244986,-0.13993043,0.39499936,0.03724532,-0.38948554,0.15290292,-0.39421448,0.13019653,0.0339154,-0.0582155,-0.016230518,-0.1506998,-0.16275708,0.13704635,0.028167633,0.49909785,0.33290493,-0.37848186,-0.017760659,0.3247426,0.3715516,-0.4600721,-0.24794964,0.0030696914,-0.0154071795,0.13820174,0.3003984,0.026146261,0.25534132,0.23003966,0.24363725,-0.35668918,0.5811513,0.23226036,-0.1453191,-0.13123044,0.033510983,0.26481092,-0.19697082,0.071394585,0.029987892,-0.008921381,-0.4201205,-0.41185492,0.31962588,-0.3146296,0.15951483,0.107632235,-0.37227246,-0.09053068,-0.32047027,-0.18264568,0.31874496,-0.17075077,0.5580778,-0.58627445,0.09057018,0.11161534,0.23146829,0.25061348,75.0
GCGT,-0.0023304317,-0.13499977,0.5136778,-0.03585251,-0.16056533,-0.039657474,-0.09764102,0.1943412,-0.3711388,0.23921573,-0.15164016,0.09612637,0.1921884,-0.06273142,-0.26658034,0.13825405,0.36254817,0.5460617,-0.23106414,0.07496057,-0.042602316,-0.5644301,-0.18363342,0.20237374,0.29929733,-0.2861938,-0.040023085,-0.3223507,0.26399037,0.27813143,-0.01876187,0.023919793,-0.0038565286,-0.097530365,0.32864225,-0.3466562,0.5235129,-0.44173777,-0.21065156,0.015214797,-0.24029973,0.0085724825,-0.36744177,0.19838515,0.22514635,0.54661155,-0.13387264,-0.14028847,-0.04304595,-0.10243414,0.3420432,0.0036787328,0.0050735073,-0.22874005,-0.2919034,-0.28097942,0.20489916,-0.062434245,0.3166258,0.12955557,-0.34797958,0.10224149,-0.09684066,0.46433112,75.0
CGGG,0.34259498,-0.12388959,0.13172506,-0.03750787,0.16144554,0.17917614,-0.1147071,-0.101711944,-0.33425498,0.37516773,-0.07822416,-0.2736115,0.21083552,0.14619178,-0.40247136,0.17772791,0.1413458,0.822251,-0.019956099,0.5260122,0.3896071,-0.064034276,-0.14466228,-0.09397339,0.0673235,-0.20854089,0.020392666,-0.27799788,-0.14687733,0.09111758,-0.12525359,-0.1518465,-0.024019953,-0.18455972,0.32624978,-0.01801729,0.26815203,-0.16285646,-0.21985564,0.34843662,-0.2034862,-0.32598135,-0.28172237,0.2749129,-0.12080447,0.26792315,0.2762063,-0.53203106,-0.1847592,-0.37707147,-0.15705515,-0.07960941,0.21640995,-0.26065195,0.05985675,-0.43872422,0.35599327,0.0030066015,-0.22479773,-0.44185132,-0.2730733,0.22077613,0.19596611,0.51049215,100.0
GTGG,0.16805433,-0.28604954,0.28495553,-0.19463408,-0.0030889735,0.13892272,-0.35109335,-0.2779243,-0.25346386,-0.030060647,-0.45375085,-0.21747465,0.029523246,0.0064514577,-0.42392325,-0.25773382,0.08914111,0.47177276,-0.22904907,0.12317719,-0.17065196,-0.29407266,-0.100013636,0.08054585,0.48074743,-0.10512757,-0.08229653,0.027739195,-0.08754517,0.16356121,-0.3529341,-0.4065693,0.059860114,-0.23781875,0.4831993,-0.032150324,0.5647274,-0.350808,-0.08140906,-0.27512094,-0.014295486,-0.11486594,-0.46831718,0.25559375,0.30843267,0.21415636,0.18226436,-0.46646583,0.11935624,-0.26652297,-0.22059532,0.15753649,-0.29423386,-0.3371502,-0.33525705,-0.141493,0.29216143,0.16965872,0.03629269,-0.66307217,-0.014380853,0.14618076,0.20230861,-0.050078284,75.0
CTGC,0.0995552,-0.4718163,0.38733697,-0.2635052,-0.20254108,-0.16047885,-0.059211407,0.29145965,-0.38638324,0.17990543,-0.15323374,0.46689445,-0.05897386,-0.25067586,-0.18317346,-0.12351155,-0.28514096,0.38025594,-0.11591431,0.2414701,0.3395179,-0.09358774,-0.105834745,0.21435905,0.24182373,-0.37271956,-0.56704146,0.09890673,-0.011179129,-0.17872384,0.42226437,0.25620624,0.25610745,0.26521876,-0.057194214,-0.28636992,0.4466555,0.1770083,-0.2566073,-0.20829198,0.010025457,0.29701582,-0.40839756,-0.13014917,-0.11905136,-0.11337137,-0.5432361,-0.36433515,0.20605873,-0.3174257,0.31598073,-0.053405464,-0.07595181,-0.15973268,-0.47883934,0.013137274,-0.0369514,-0.5422351,0.35492644,-0.7127711,0.09137411,0.21680228,0.16275038,0.10198799,75.0
TGGC,0.37065586,-0.16685121,0.38778785,-0.32715118,-0.117269546,0.3120271,-0.20113666,-0.015290597,-0.28931826,0.1619919,-0.16541678,0.19693896,0.17889929,-0.06304903,-0.13895187,-0.20983583,0.0071992585,0.5020143,-0.14587605,0.24447618,0.1728558,-0.27285588,-0.12950176,-0.15193738,0.41770208,-0.19821207,-0.101674624,0.16091405,-0.0485805,-0.095258,0.06427981,0.15739045,0.16705537,0.07583178,0.19691108,-0.15243492,0.6174446,-0.08025046,-0.13493478,-0.29112253,0.13458714,-0.21937771,-0.3538776,0.1066554,-0.060513202,0.02428637,-0.06807602,-0.15196402,0.18771954,-0.27649435,-0.18906239,0.071496524,-0.2928794,-0.20908053,-0.015363789,-0.08258527,0.33013737,-0.0038465974,0.21589553,-0.6451908,-0.010274912,0.2344444,0.10491509,0.23865864,75.0
CGCA,0.07002292,0.072277315,0.6548812,-0.27850863,-0.03320038,0.20282426,0.0170883,0.2463602,-0.3849015,0.36679026,-0.018493274,0.21230336,0.07952258,-0.13343059,0.113327526,-0.054517798,-0.15368433,0.34766525,-0.2744308,-0.061650805,0.41386732,0.16862242,-0.24707419,-0.053427238,0.2883226,-0.38503844,-0.019734621,0.117577605,0.35008326,0.1096505,0.20741524,0.017643595,0.19431816,-0.06579174,-0.07473531,-0.12340068,0.4683792,-0.117677376,-0.0919831,0.22129624,-0.14776656,0.12237258,-0.20986624,0.29066712,0.064988226,0.31498995,-0.19255047,-0.020248946,0.055883978,-0.4969416,0.36594114,0.34600055,0.4475142,-0.3988442,-0.34878853,-0.14742094,-0.014582748,-0.11830083,0.17089598,0.2523416,0.15734763,0.47656542,0.17370579,0.33025247,75.0
AGGA,0.40636364,-0.3853927,0.2260471,-0.197022,0.5174311,0.30383795,0.05362358,0.06668275,-0.03336041,0.18438056,-0.44157785,-0.19141139,0.24438362,0.32234234,-0.072015174,-0.12767892,0.040496334,0.19853726,0.2415372,-0.07797021,0.21844548,0.32265657,0.13480537,0.01079855,-0.19375071,0.013565894,-0.2536261,-0.16848081,-0.22041608,0.14302228,-0.19013101,-0.25466785,-0.04493077,-0.08496746,-0.36023477,-0.12426263,0.20477101,-0.064010955,0.19661644,0.11060214,-0.07441738,-0.055221148,-0.15523425,0.2522342,0.38379532,0.2502337,0.19976236,-0.76241547,-0.64425284,-0.55814815,0.15167138,0.056857668,-0.46263593,-0.10241079,0.1625066,0.21902803,0.019126594,-0.05114565,0.14449899,-0.4817259,0.06105582,0.28852144,0.20599683,-0.004648548,50.0
ACCC,-0.15039065,-0.44205,0.04140694,-0.2682068,0.21079296,-0.3118856,-0.13296668,0.15324149,-0.183001,0.16107894,0.07014653,0.07179915,-0.11820851,-0.20431937,-0.17362829,-0.06384234,-0.33434644,0.78764874,-0.20215677,0.34462237,-0.18232808,0.3393031,-0.05169848,-0.48403916,-0.10467659,-0.28366956,-0.15242843,-0.08780689,-0.1832436,0.10720409,-0.30747762,0.24371126,-0.0018480306,0.29192302,-0.27536294,0.072817616,0.36599955,-0.023682093,-0.058858275,0.34774414,-0.11246073,-0.019765863,-0.13886166,-0.14246453,0.077142484,0.21644412,-0.22250672,-0.18577127,-0.57141435,-0.5553371,0.31139687,0.24912821,-0.14970069,0.17764731,-0.43765816,0.020758986,-0.22987534,-0.6015057,-0.15801257,0.019485455,-0.32109892,0.3431124,0.13998716,0.22052328,75.0
CCAG,0.30658954,-0.10746462,0.15487903,-0.1911901,0.50378704,0.013112311,-0.23475891,-0.09113049,-0.0443685,0.42974204,-0.28490674,-0.065883026,-0.15248138,0.076201655,-0.26576242,-0.5169086,0.0020693205,0.6498686,-0.18265843,-0.09476789,0.3377792,0.49403405,-0.1541736,-0.42648464,0.17869541,-0.11884898,-0.016760277,0.2518143,-0.16888636,-0.043560926,-0.14914496,-0.27187395,0.11076992,0.0215634,-0.13321052,0.18093257,0.6821138,0.123205565,-0.057728264,0.35100302,0.10507768,-0.027865555,-0.073875144,-0.0069457954,0.3562344,0.21368758,-0.19040349,-0.13287975,-0.29767668,-0.6111542,0.10485798,0.4235906,-0.2649505,0.22541095,-0.23901303,0.13877383,-0.096907556,-0.027711648,-0.19455315,-0.18860406,0.028689003,0.29273188,0.25939366,0.0005889327,75.0
GGAC,0.09713525,-0.18843615,0.052230157,-0.4673035,0.10391041,-0.032743204,-0.0071171084,-0.0523385,-0.40987647,0.3591186,-0.27571124,-0.0976456,0.3405375,0.24952337,-0.160637,-0.17782286,-0.348217,0.43463844,0.34596083,0.4939367,-0.08423349,0.061213374,0.15498349,-0.23642898,-0.030250434,-0.14302744,-0.08002219,0.08525823,-0.3649927,-0.080025785,0.0060437163,-0.19672671,-0.28401637,0.05567585,0.022130627,-0.2769444,0.17780378,-0.081278905,0.18991345,-0.16910133,-0.30163145,0.038826533,-0.2493028,0.33457497,0.1686006,0.13057049,0.23625152,-0.77758104,-0.4195185,-0.4792368,-0.091318175,-0.045202717,-0.6443923,0.071194276,0.05783586,-0.2521005,0.053079505,-0.116267405,-0.17278405,-0.6933313,-0.083639264,0.31819853,-0.045116037,0.061304204,75.0
ATCG,0.2612115,0.059246786,0.3250117,-0.24948698,-0.16272189,0.47680634,0.060458798,0.44447276,0.039857905,0.28189296,-0.12376391,-0.2627039,0.04908092,-0.5161652,-0.34325725,0.14819272,-0.2238114,0.32243803,-0.06240131,0.07880457,0.44633785,-0.07620347,-0.30869728,-0.21471286,0.33360195,0.11130711,0.05869058,-0.33225608,-0.009544241,0.22767073,0.165937,0.03013924,0.10918614,0.024377475,0.12063175,-0.18247923,0.23175049,-0.037440963,-0.48456728,-0.09337541,-0.32065544,-0.036058903,0.010080283,0.28565538,-0.13165691,0.18452857,0.3281566,-0.18187824,-0.3494483,-0.3149221,0.08854856,0.28244996,0.32212144,-0.45644468,0.09288307,0.047607172,0.22989672,-0.14079586,-0.06403117,0.021878509,-0.42754087,0.23646937,-0.067256026,0.111436725,50.0
GGCT,0.37870777,-0.36903265,0.25214162,-0.28453672,-0.04054915,0.3340422,0.31704932,-0.049282327,-0.28968716,-0.06521497,-0.37022895,0.04155446,0.42299464,0.06211754,-0.34426484,-0.22764142,0.22352801,0.2465231,0.09000931,0.6055427,0.41966054,-0.23153904,-0.37660566,0.008102345,0.2717763,-0.3286815,0.20000015,-0.0072136065,-0.3741848,0.049476795,-0.041884225,-0.0037864936,0.20826335,-0.032112896,-0.009900404,-0.17264044,0.14457561,0.21211922,0.0055861427,-0.027927928,-0.04348301,-0.12029984,-0.14561333,-0.17848888,0.029325997,0.060077734,-0.2357202,-0.3466084,0.26313326,-0.5234539,0.10183373,-0.2629648,0.11499614,-0.25082406,-0.22756013,-0.46259844,0.23916279,0.024311064,0.13757356,-0.6164952,0.026923189,0.16399138,0.1839553,0.18850666,75.0
GCTC,0.3887334,-0.14973263,0.30435938,-0.2017361,-0.073245265,-0.024953384,0.38859987,0.27989542,-0.15923111,0.2989772,-8.1422186e-05,0.1604853,0.25546584,-0.18446246,-0.25496122,-0.22719766,-0.34276032,0.14174902,0.15561433,0.7181619,0.5872839,-0.12198414,-0.62673277,-0.036139246,0.28311172,-0.34233707,-0.098468974,-0.06930483,-0.18519239,0.12130623,0.10901138,0.1104568,-0.09245659,0.14549549,0.05287966,-0.12155652,0.4448294,0.26394233,-0.098927885,0.06483573,-0.14311226,0.14154617,-0.06842725,-0.09405768,-0.07920952,0.1991098,-0.32382673,-0.4031952,0.2490035,-0.5881778,0.21175452,0.06753277,0.4314386,-0.041687652,-0.41616124,-0.19261445,0.28865084,0.07680795,-0.124382645,-0.0051553487,0.2706822,0.36961257,0.054101024,0.33215222,75.0
TGCG,0.137576,-0.17149387,0.48787704,-0.17224897,-0.39547512,0.11057185,0.12027927,0.047378335,-0.38312227,0.089134485,-0.27979875,-0.24470304,-0.10793892,-0.058530297,-0.24460237,-0.047668543,0.18960492,0.48779178,-0.2733405,0.34082156,0.24879986,-0.27682266,0.10380882,0.09307876,0.31155217,-0.3808996,-0.42279172,-0.1919475,0.33881262,0.11761088,0.038481005,0.3190233,0.004922271,-0.17016207,0.37302545,-0.28982925,0.36419192,-0.15076065,-0.15665081,-0.11521814,-0.103894524,0.08563765,-0.17556304,-0.046857774,0.3103069,0.0932308,-0.09679582,-0.27606297,0.08514298,-0.27738234,0.24872692,0.13613051,-0.26219246,-0.32197788,-0.27518263,-0.32626477,0.42872435,-0.35559446,0.43503335,-0.2672928,-0.30792528,-0.18285672,0.121462725,0.35149536,75.0
TCGG,0.38078228,-0.032108225,0.062682524,-0.37775263,-0.14803098,0.18751414,0.25936052,0.2987063,-0.2258513,0.18511675,-0.19270854,0.015538707,0.124202736,-0.119237825,-0.31261924,-0.04651451,0.070718944,0.5378103,-0.0039234413,0.59466237,0.54625744,-0.06607986,-0.41075072,-0.0063237906,0.33774,-0.121372126,0.23034209,-0.28850004,-0.11311796,0.1875328,-0.12032999,-0.24575095,-0.01817013,-0.14275427,0.049235076,0.019217065,0.19679558,0.06150991,-0.3051162,-0.029422097,-0.15421441,-0.2821705,0.032271076,0.3966047,0.009678279,0.22848494,0.48909926,-0.36006975,-0.05609903,-0.41684887,-0.27570507,-0.00520477,0.23341687,-0.21742965,-0.08599152,-0.39462724,0.4697144,0.23847915,-0.005022164,-0.33722407,-0.3621824,0.13986413,-0.0829769,0.41156107,75.0
CAGG,0.48549756,0.09827272,0.093411684,-0.34609798,0.47976494,0.2154855,-0.074791364,-0.18213199,-0.36850098,0.26538876,-0.20283417,-0.36105824,0.33520016,0.3827555,0.083495796,-0.19599637,-0.2892167,0.38485673,-0.12142726,0.015381871,0.40484828,0.30075052,-0.18407242,-0.2826112,0.032466833,-0.41574627,-0.044719324,0.23402289,-0.28037265,0.11596299,-0.020106664,-0.41893762,0.06282052,-0.0064261043,-0.13565184,-0.0053106165,0.45699674,-0.08967878,-0.032551162,0.38556314,-0.17215079,-0.035699293,-0.44315344,0.3086095,0.3104647,0.24728501,0.059872676,-0.37030667,-0.031059641,-0.5005817,0.07725491,0.32673335,-0.1659419,-0.077073544,0.12839176,-0.23455241,-0.11768917,0.28752872,-0.07808277,-0.36079228,0.14038654,0.43486375,0.2408985,0.012950664,75.0
CGAC,-0.14998212,-0.306864,0.19295333,-0.48910835,0.037166078,-0.029597681,0.14878418,0.3212789,-0.14465055,0.53153354,0.14871557,-0.0007194523,0.10445018,0.007108455,0.035819083,0.071858905,-0.43904167,0.7572346,0.11620979,0.4021317,-0.11888737,0.011529508,0.07358486,-0.24091691,0.29289427,-0.15303794,-0.10299851,0.04450797,0.11766554,-0.12725416,0.07863425,0.19451769,-0.38582492,0.15942025,0.06931969,-0.33856204,-0.0051188967,-0.07061472,-0.014639583,0.20236906,-0.34786072,-0.22244003,0.034858253,0.22077675,0.16639042,0.38599983,0.094882146,-0.37858853,-0.5625335,-0.5356551,0.32150745,0.15116476,-0.34728035,0.08695256,-0.41041717,-0.06627741,0.07271221,-0.44755077,-0.08293037,-0.27077675,-0.2550321,0.36372358,-0.17226352,0.15947707,75.0
CTGG,0.14246763,-0.5413809,0.17547005,-0.30428287,-0.19240178,0.13170898,-0.109075285,0.00025234948,-0.3639294,-0.30869368,-0.30613542,0.07965477,0.1497722,-0.006393428,-0.2526659,-0.17542028,-0.2249993,0.33102873,0.09421294,0.48893452,0.12655681,-0.19441813,-0.1849214,0.08853842,0.086759575,-0.180931,-0.3129609,-0.0054130508,-0.36733657,-0.12637474,0.013180823,-0.03449852,0.10178456,0.01560892,0.09703129,-0.0940375,0.22886507,0.07140451,-0.18049759,-0.22326206,-0.08404225,0.039125126,-0.5490255,0.07664771,-0.04779436,-0.089179285,-0.167325,-0.8051245,0.015521552,-0.47224122,-0.08717457,-0.15116502,-0.14755185,-0.0179314,-0.21330854,-0.32358408,0.17131166,0.014891227,-0.0015903293,-1.0072399,0.017873948,0.29744107,0.19537742,0.0647884,75.0
CGGT,0.39968848,0.06472735,-0.09335788,-0.11907532,-0.19189984,0.10900423,-0.10936909,0.09023563,-0.29002216,0.25303143,-0.08466475,-0.113877915,0.16014075,-0.090453036,-0.31338096,0.077265695,0.15576363,0.6859853,-0.14644375,0.4368149,0.16094445,-0.12187794,-0.20599915,-0.054879025,0.1739059,-0.14268637,-0.138731,-0.25075856,-0.033348974,0.16854046,-0.1735754,0.024783924,-0.24635859,-0.29641402,0.33054224,0.1052285,0.3894535,-0.2603028,0.014264939,0.26775658,-0.4360191,-0.102745,-0.24682887,0.22135693,0.05222345,0.49232572,0.42534876,-0.41731673,0.0072083515,-0.39756903,-0.049964312,0.1489007,-0.009626088,-0.24898739,-0.05500019,-0.32454476,0.20083487,0.025319632,-0.00061286497,-0.3174245,-0.1814901,0.050890338,-0.18228966,0.29047576,75.0
AGGC,0.40431848,-0.28259033,0.46893218,-0.07695593,0.26234058,0.24459325,0.17140599,-0.13047321,-0.2448052,0.28939128,-0.072602384,-0.12270264,0.28447795,0.3971692,-0.17598528,-0.15870664,0.10759469,0.31150737,0.051933635,0.0352961,0.2323907,0.09486705,-0.111537956,-0.09575827,0.102186315,-0.21713106,-0.053864185,-0.11779837,-0.14739336,0.11871906,-0.1915782,-0.13211331,0.09253002,-0.010205854,-0.11595684,-0.17831525,0.3838621,-0.0017076996,0.045095082,0.3328578,0.04274934,-0.29532534,-0.24434716,0.15827921,0.28881165,0.24806671,-0.15592171,-0.37571636,-0.017064001,-0.4574429,0.4557248,0.204004,-0.08637783,-0.16813493,-0.24423921,-0.05162017,0.22235256,0.101187736,0.10488994,-0.14036028,0.3182914,0.33567312,0.31455943,0.3785161,75.0
GTCG,0.3900047,0.060898114,0.15132006,-0.30560327,-0.20234653,0.037411753,-0.028792815,0.26600412,0.08568424,0.40412253,-0.39758784,-0.34541434,-0.05168671,-0.34096187,-0.5977764,-0.18511018,-0.06393699,0.39105394,-0.14688267,0.07973682,0.22888015,-0.3259764,-0.45083332,0.23695964,0.5772645,0.009051809,-0.0069100065,-0.03666706,0.1831517,0.23465729,-0.19394521,-0.2040311,-0.26613808,-0.11094552,0.3845394,-0.20713817,0.2187782,-0.25044876,-0.24026957,-0.005519765,-0.44850585,-0.040767603,-0.11302757,0.4283415,0.11203289,0.48559877,0.2474656,-0.20150734,0.06284629,-0.3834387,0.2585626,0.4959371,0.2441695,-0.061215967,-0.51043475,-0.03007406,0.3387772,0.15301986,0.027330888,-0.038290493,-0.25873896,0.15133394,-0.11575563,0.0678358,75.0
GAGG,0.58034974,-0.14083591,0.2185985,-0.18411687,0.5171514,0.16994807,0.22572812,-0.26234198,-0.2934687,0.4743643,-0.43752027,-0.49532917,0.2416698,0.2595919,-0.15115862,0.033083253,0.08656548,0.36863008,0.06470029,0.21933214,0.36909887,0.055281345,-0.010471619,-0.08920448,0.20370352,-0.17188767,-0.24902238,0.06442493,-0.20352504,0.2960052,-0.031391587,-0.26668385,-0.11614768,0.12459498,0.1031857,-0.18932517,0.2557915,-0.25801662,0.0283867,0.015558775,-0.007136127,-0.105753735,0.09577555,0.2960605,0.39005855,0.17888127,0.1934153,-0.526028,-0.11774668,-0.37669504,0.3196244,0.0028504657,-0.59980446,-0.14150138,-0.19198962,-0.0671448,0.09633419,0.0745376,0.0399357,-0.37519008,0.21959464,0.12236575,0.15707402,0.10375149,75.0
CACG,-0.11333951,0.17629187,0.29587862,-0.36214548,-0.085551776,0.1576464,-0.02682686,0.17241599,-0.7108883,0.3248997,0.2231296,0.06751002,0.026501082,0.40324134,-0.11295965,0.124737084,-0.14520736,0.80530065,0.013145831,0.08106922,-0.07785578,0.03721754,-0.15064272,-0.127542,0.25532353,-0.19687648,0.018039515,-0.03242658,0.025911242,0.12888053,0.29303873,0.049033727,0.1997911,-0.19031619,-0.10357899,-0.4018147,0.14050087,0.025152719,-0.13524254,-0.08292332,-0.4644147,-0.033293188,-0.6416126,0.3114985,0.16542703,0.16619943,0.13945007,-0.16687056,-0.22662161,-0.7212748,0.18833196,0.068751924,0.06883394,-0.072614096,-0.116504975,-0.3388611,-0.041454844,-0.17381273,-0.105321735,-0.17248411,-0.30348527,0.5690682,-0.15774633,-0.030143334,75.0
CATC,0.13925533,0.20308037,-0.02869644,-0.24019927,-0.03223332,0.25918692,-0.15030976,0.23555934,0.018046642,0.5394197,0.017838415,0.3721891,0.04750995,-0.54745203,0.105357945,-0.20382473,-0.6668809,0.48296466,-0.2775342,0.14763063,0.4626627,0.3969277,-0.56241494,-0.09787412,0.48821473,-0.12948172,0.1933825,0.0049256254,-0.079088114,-0.078375384,0.46585184,-0.11705531,0.29029372,0.22702575,-0.1552625,-0.029488435,0.51622486,-0.001082911,-0.27777097,-0.044150744,-0.20227158,0.30873138,-0.17999849,-0.060625378,-0.15576775,0.13949478,0.05714672,0.0825474,-0.16765618,-0.6148747,-0.042477537,0.26972914,0.4527511,-0.17146137,-0.08661732,0.24676049,0.29266003,-0.20397007,-0.2328202,-0.24737673,-0.13610165,0.5623681,0.33479264,0.0089864,50.0
ACGC,-0.11660758,-0.045821514,0.6159633,-0.391348,-0.12256808,-0.10186641,0.34515265,0.07210053,-0.46207386,0.1926683,0.13514303,0.07855897,0.12327814,0.21660472,-0.033144936,0.02859375,-0.10660226,0.5375461,0.09247898,0.23716162,-0.030014731,-0.1723817,-0.0018091549,0.104079865,0.120273344,-0.19160224,-0.11870947,0.16722746,0.27854556,0.289995,0.09999289,0.024715316,-0.041922014,-0.038442526,0.10499281,-0.3762746,0.31689036,-0.006521711,-0.100107476,0.050503477,-0.5098051,0.14303231,-0.2819967,0.25355154,-0.009619462,0.23846649,-0.14140812,-0.27686787,-0.3343526,-0.4234369,0.36228976,-0.0015883755,0.22996084,-0.2822722,-0.28778917,-0.48799697,-0.114877775,-0.26846555,0.17880283,0.106786154,0.03708454,0.70944107,0.20037267,0.27390215,75.0
TGAG,0.3518686,-0.33434272,0.09011029,0.009456684,0.08968753,-0.010841354,0.19065996,-0.054796867,0.3146028,0.38416275,-0.3705566,-0.050973054,-0.18035252,-0.1584166,-0.0383491,-0.20735916,0.25202724,0.10621237,0.21174896,0.21402784,0.2855743,-0.14813063,0.0153290965,0.0024858804,0.57316005,-0.074255854,-0.18366876,0.054214545,-0.20626923,0.28269166,0.20895165,0.004571941,0.14548533,0.32985815,-0.12389318,-0.42929122,0.55339295,-0.21728733,0.07937233,-0.05184198,0.19521892,0.49083742,0.19248837,0.2524845,0.33267474,0.18474297,0.0030756344,-0.1977506,-0.19773825,-0.36128205,0.15214689,0.30206198,-0.74613416,-0.20791832,-0.28200236,0.15690874,0.33619598,-0.1363297,0.41263884,-0.5119458,0.23221698,0.04520868,0.10171195,-0.07264021,50.0
GATC,0.46690178,-0.041141942,0.106541224,0.02865167,-0.15305401,0.5107276,0.034510743,0.20147052,0.09126082,0.3117685,-0.2681242,-0.08143615,0.21472664,-0.8154582,-0.19057818,-0.16859992,-0.25992343,0.4008115,-0.085386105,0.11484306,0.25189537,0.34394696,-0.41160244,-0.3986797,0.11391136,-0.095550545,0.009972703,-0.09289333,-0.028685775,-0.18235734,0.035382226,-0.32660764,0.052917138,0.22851871,-0.16182101,-0.2881731,0.021579541,-0.10827157,-0.15676548,-0.2510573,-0.35156783,0.14026275,0.22412686,0.13627785,0.09610177,0.018376078,0.47945747,-0.4443964,-0.32119665,-0.73550767,-0.15988918,-0.009156927,-0.24900772,-0.040462688,0.068186946,0.1580334,0.4778105,-0.23945752,-0.18787324,-0.49191916,-0.25962877,0.09463346,0.051869456,0.049642794,50.0
GGAT,0.5579077,-0.09747291,0.36230326,-0.15737705,0.115010835,0.5012754,-0.04392083,0.20415558,-0.120492,0.18101735,-0.50530964,-0.30615145,0.3380236,-0.4606273,-0.16178934,0.2615844,-0.17839852,0.44018874,0.18032305,0.298475,0.37598315,0.13977152,0.1276193,-0.2633249,-0.2144014,-0.09793051,-0.1501661,-0.2868264,-0.32243448,-0.18666139,0.19587001,-0.16896091,0.13051735,0.029215695,0.009717273,-0.033780493,0.3235456,-0.13581784,-0.30054364,-0.17249432,-0.18802837,-0.007832405,0.119637005,0.2738395,0.08921533,0.23716572,0.2977192,-0.6847043,-0.24560127,-0.32895935,-0.20287506,-0.2158876,-0.30275694,-0.23430961,0.4012257,0.009601492,0.28642806,-0.2848521,-0.016343813,-0.5593247,-0.118671015,-0.049989644,0.05552455,0.094260655,50.0
GACC,0.06385335,-0.22074795,0.034344517,-0.2761952,0.31186864,-0.06794122,-0.016902843,0.23849584,-0.031248597,0.51196545,-0.22530043,0.07850346,0.037767526,-0.11186899,-0.019527161,-0.24630612,-0.44608456,0.6865866,-0.14739673,0.24216065,0.0064650667,0.3611761,0.11353497,-0.015193312,-0.09494785,0.11379216,-0.18786271,0.03848567,-0.117088936,-0.0606655,-0.013167874,-0.1266355,0.014737163,0.31602687,-0.12629406,-0.035913534,0.18565339,-0.2500501,0.1394713,0.13420987,-0.19284989,-0.047103968,0.12559062,0.15118168,-0.035537407,0.13247226,0.021661604,-0.4372042,-0.550586,-0.29700664,0.013001655,0.25720903,-0.60125816,0.14745757,-0.6421193,-0.0003563816,0.06749245,-0.56192714,-0.071536146,-0.4367388,-0.31807813,0.38307133,0.1410289,0.19576098,75.0
ACGG,0.27980208,0.07470149,0.35474682,-0.4696942,0.05042105,0.09705083,0.35623005,-0.18558161,-0.57054967,0.057191953,0.2154818,-0.024911147,0.32799163,0.41493723,-0.1282776,0.17817962,-0.034050953,0.58730423,0.15694562,0.2968297,-0.1162904,-0.1583696,0.1542395,-0.05982025,0.06381509,-0.17634207,0.07986182,-0.21949703,-0.02855192,0.18984641,-0.11057723,-0.16647089,-0.06377783,-0.37279403,0.008739998,-0.09754445,0.1738538,0.019882424,-0.15283267,0.07655574,-0.38770026,-0.0833686,-0.36064935,0.3783576,0.12943316,0.24498953,0.39492136,-0.7399888,-0.42078447,-0.48145974,-0.051853977,-0.09152824,0.051307783,-0.07845178,-0.04133339,-0.411091,-0.12676908,0.060582608,0.14655083,-0.29312143,-0.31419802,0.38827488,0.27614462,0.28383678,75.0
CCCT,0.22375669,-0.5616343,0.022022117,0.015776873,0.08203634,-0.3199346,-0.0806473,0.25376523,-0.08768914,-0.031956617,-0.23244032,0.20596536,-0.012282804,-0.31870598,-0.21980044,-0.15454642,-0.20049408,0.5002574,-0.045997694,0.43858027,0.08631587,0.24843757,-0.44761136,-0.22674899,-0.037738834,-0.33166704,-0.012904993,-0.14847854,-0.45314315,-0.09082492,-0.47274193,0.12969206,-0.14632225,0.4043699,-0.03507277,0.14578058,0.4877297,-0.06446263,-0.14471857,0.13899761,0.20238088,0.07042967,-0.11664372,-0.355072,-0.20510636,0.1693179,-0.5249242,-0.20864923,-0.16918594,-0.4519312,0.10329022,0.17442438,-0.29564995,0.0920057,-0.44628373,0.050653316,-0.04278716,-0.49048343,-0.0153178,-0.24981159,-0.23304315,0.30874926,0.13479075,-0.11735484,75.0
TATA,0.35278645,-0.28045106,0.1882279,-0.055012766,-0.028036075,0.13789651,-0.31589067,-0.02466328,-0.28735802,-0.10538989,-0.123463534,0.092954725,0.22115774,-0.42869303,-0.27246702,0.60531944,0.10063025,0.22061418,-0.09677422,-0.17465907,-0.3314268,0.582773,-0.37369967,0.1280691,-0.15497589,-0.18999921,-0.0043549216,-0.46133646,-0.52157474,0.17472939,-0.027252814,0.07390235,0.10559798,0.2579429,-0.22236034,-0.18819705,0.2616002,-0.23416722,-0.37301007,0.004294037,-0.067660846,0.11090353,-0.12297801,-0.0260556,0.075263776,0.3968594,0.08354267,-0.80890924,-0.3279732,-0.425586,0.339774,-0.23753853,0.16215543,-0.15171646,0.24538971,0.6422201,-0.042407513,-0.12662315,0.7104478,0.11227808,-0.48097,0.34479672,0.19731478,-0.2709912,0.0
CGTG,0.026359092,-0.0498136,0.2608987,-0.2731373,-0.37395045,0.1301313,-0.33380592,-0.030505925,-0.2934912,0.30221835,-0.028511016,0.037063535,-0.30610502,-0.04432118,-0.2832035,-0.08497322,-0.07861327,0.6842288,-0.28249153,0.30048493,-0.20166124,-0.4782899,-0.14213955,0.06570085,0.38766277,-0.08506421,-0.15798016,0.0292775,0.124873236,0.46378374,0.03065764,0.11699185,0.1673494,0.018111002,0.2990114,-0.33734134,0.555373,-0.41165692,-0.23886098,-0.27577615,-0.4258368,0.04266858,-0.35758653,0.35762984,0.13972545,0.2690055,0.4783548,0.0031549328,0.07062753,-0.2534218,-0.08691202,0.31224635,0.025465928,-0.22057295,-0.2445393,0.053603478,0.349031,-0.05326685,0.17793995,-0.30043602,-0.23417641,0.23491375,-0.15585859,0.13812691,75.0
ACCG,-0.07097544,-0.25554436,0.25906765,-0.29270667,-0.10021543,-0.121665984,-0.095669456,0.097939916,-0.22573632,0.4220981,0.09916782,-0.14126164,-0.15189901,0.041412268,-0.22429876,-0.010862723,-0.091287605,0.8613294,-0.23403285,0.1515502,-0.2278298,0.10506157,-0.02992684,-0.12850678,0.21942411,-0.06684277,-0.055741828,-0.1309783,0.13106716,0.26102158,-0.2627051,0.12059148,-0.046912458,0.2527091,-0.2583966,-0.1341518,0.23284808,-0.21070772,0.011662498,0.07231527,-0.40414423,0.07957428,0.009089143,0.21815562,0.1036011,0.22744161,0.14684638,-0.24312676,-0.63509715,-0.12180203,0.3911374,0.33114314,-0.29406062,0.001967862,-0.31970537,-0.06715064,-0.12741546,-0.3253828,-0.0910024,0.11362164,-0.4598385,0.2619027,-0.036003478,0.30848464,75.0
GGTG,0.5730462,-0.21753824,0.11606642,-0.30317673,-0.1409301,0.029169656,-0.27922413,-0.2966723,-0.37979904,0.16163778,-0.39386415,-0.31998846,-0.13556625,0.22782336,-0.43424,-0.086018585,0.13825394,0.32241046,-0.087948054,0.29079837,0.16122994,-0.34290823,-0.16683957,0.28164873,0.3424739,-0.15126792,-0.15464202,-0.027580962,-0.20617731,0.3830173,-0.05408629,-0.061094135,0.1376301,-0.21870583,0.36717767,-0.23592263,0.53446573,-0.3841937,-0.12230504,-0.13625261,-0.23198575,-0.25574175,-0.35242927,0.32863867,0.30318075,0.18598585,0.31014454,-0.391743,0.23751257,-0.26676112,-0.1244316,0.16064014,-0.18429281,-0.21269882,-0.1330648,-0.023691677,0.47194195,0.17148691,0.50367635,-0.68191355,0.031719983,-0.033910435,-0.0606959,0.24992186,75.0
GTAG,0.4774172,-0.4448719,0.015819017,0.041330695,0.15457343,0.1311651,-0.1266455,-0.17255597,-0.33334982,0.24706255,-0.33439273,-0.21159588,-0.118077114,0.21316689,-0.44023725,0.14101718,0.5581073,0.2580875,-0.17911683,-0.10839501,-0.04477795,0.14357549,-0.2815441,0.26879618,0.11435594,-0.30334526,-0.13783614,-0.08377385,-0.14210923,0.36008185,-0.19679423,-0.13673818,-0.14512993,-0.010910275,0.29376227,-0.35950905,0.48047906,-0.57760966,0.13216393,-0.08239811,0.010561397,0.09342737,-0.3603993,0.13027148,0.31440094,0.6080775,-0.05577846,-0.5613902,-0.17453831,-0.10411639,0.46136835,0.030991511,-0.29207057,-0.1123935,-0.26077777,0.04537988,0.048160195,0.32079875,0.6731235,-0.025476828,0.013411232,0.046013277,0.26559448,0.04663083,50.0
GGTC,0.49019763,0.060907755,-0.124500334,-0.27800664,-0.18643628,0.1889663,-0.17085093,0.003445616,-0.20119315,0.22414032,-0.17934321,-0.24185114,0.25733456,-0.13862388,-0.40654135,-0.19269693,0.08975669,0.46787453,-0.020244697,0.19080636,0.30291772,-0.22456244,-0.54288256,-0.008728447,0.31075478,-0.10415023,0.099915355,-0.27357703,-0.17426465,0.32400382,-0.27927673,-0.21780053,-0.14238892,-0.12878625,0.15268396,0.23399691,0.35319248,-0.2687448,-0.17898802,0.13511266,-0.27068126,-0.33054668,-0.40794402,0.2614777,0.0005264069,0.2532299,0.20047957,-0.38764548,0.024518166,-0.459572,0.01947195,0.2575448,0.012034974,0.06034976,-0.25472486,-0.05981355,0.463232,0.35904232,-0.068476275,-0.23558915,-0.09795515,0.3015117,-0.1712375,0.10903188,75.0
AGCC,0.44067797,-0.3770283,0.5130347,0.062080164,0.46407333,-0.10121003,0.09386199,0.15676072,0.09369627,0.39056945,-0.20068692,-0.08414126,-0.18139854,0.030486584,-0.33450493,-0.12387066,-0.08221771,0.5052464,-0.13586433,0.049303655,0.30682102,0.3861809,-0.22350968,-0.46535066,-0.13229144,-0.2072622,-0.06602871,0.06909172,-0.20054783,0.13185622,-0.05748082,-0.1956107,0.02174451,0.3540256,0.021243686,0.1662225,0.53763735,-0.09753372,0.3115954,0.3936716,0.25342703,-0.014132824,0.061895624,-0.18792762,0.37775868,0.47992945,-0.3853831,-0.21941511,-0.2633467,-0.3846026,0.50689155,0.3922135,-0.061311606,-0.18216011,-0.26425126,0.17531757,0.07250143,-0.4284789,-0.009921618,-0.0073137726,0.04574867,0.045123305,0.4378283,-0.016613705,75.0
TCCG,0.11111433,-0.13288566,0.2484279,-0.19654799,-0.35056746,0.0056029838,-0.25148195,0.37126333,0.074912235,0.3609763,-0.02014503,-0.14065467,0.03738321,-0.46743414,-0.3787644,-0.07814823,-0.06789733,0.80905324,0.05011158,0.43954518,0.117759086,-0.099267215,-0.6053664,-0.3035847,0.2414991,0.0012294491,0.20047964,-0.36244562,-0.1448249,0.16064198,-0.31698495,-0.18968832,-0.15114334,0.130373,-0.12674218,-0.0605974,0.37833032,-0.19035032,-0.20361519,0.017595863,-0.24960685,0.07167134,0.16153339,0.1901414,-0.2986504,0.21020924,0.10481781,-0.17175454,-0.3636181,-0.18254387,-0.08906764,0.2698413,0.092535585,0.072948866,-0.07799672,-0.23502982,0.36921406,-0.12559545,-0.47333625,0.070589155,-0.61254084,0.32902512,0.041077632,0.23239052,75.0
ATCC,0.40065953,-0.17251231,0.2376061,-0.16177985,0.018575212,0.42449278,-0.19909793,0.13903272,0.04739003,-0.054794263,0.010940739,-0.21551698,-0.1317331,-0.70109123,-0.21126452,0.024223182,-0.3360187,0.30177468,-0.047512103,0.20943584,0.31397438,0.17448065,-0.49850044,-0.64562666,-0.11715243,0.03133534,0.008304341,-0.36625373,-0.3537781,0.14530551,-0.123925686,-0.10140562,0.19688016,0.11947454,-0.17736594,-0.10446505,0.4920023,0.0024354816,-0.44880924,-0.1145363,-0.19609761,-0.21835324,0.059675436,-0.094169155,-0.17391387,0.19289792,0.10327262,-0.38085118,-0.5608437,-0.33157298,-0.19579978,0.27182522,0.09224004,-0.18123287,0.03356108,0.29705915,0.1784519,-0.43006182,-0.36038205,-0.20918673,-0.3599811,0.29018363,0.05338858,-0.09524873,50.0
AGCG,0.37482542,-0.1361015,0.64840525,0.09215202,0.13726012,0.25139692,0.19445217,0.249994,-0.104071744,0.33376643,-0.11402472,-0.20610423,0.21817757,0.058909334,-0.30517077,0.029489446,0.22713725,0.40009823,-0.10962965,-0.05890753,0.42700455,0.18844227,-0.1649884,-0.26804066,0.09445232,-0.2488307,-0.11526807,-0.2022591,0.12229465,0.10912011,0.0468884,0.055926405,0.04421811,0.06799391,0.014791609,-0.15299192,0.2570599,-0.1991924,0.23740678,0.18332978,-0.2196935,-0.008438628,-0.15368897,-0.059580516,0.48580915,0.4327938,-0.24461494,-0.35894734,-0.0065560616,-0.41375625,0.7048865,0.070194475,0.13914664,-0.31969744,-0.21252756,-0.29766294,0.25535735,-0.14180261,0.1558962,0.22484805,0.067643255,0.069713466,0.1305679,0.22253911,75.0
GCCA,0.03735313,-0.08291117,0.3241261,0.043872677,0.11225122,0.052591372,-0.19240999,-0.009815989,-0.04411664,0.47968563,-0.07436267,0.04457742,-0.21646151,-0.17464289,0.0063944915,-0.07532549,0.039366372,0.42066488,-0.31409156,-0.14596328,0.15587886,0.16855061,-0.15712227,-0.359869,0.10503287,-0.1405407,0.045704834,-0.0060807914,-0.15075701,0.12230044,0.13748235,0.003401281,0.29699478,0.13704334,-0.13442466,0.053677794,0.80346775,0.04646661,0.020259397,0.3418033,0.027091974,-0.23834264,0.029933508,0.06282536,0.04533634,0.2707021,-0.4268164,-0.06510058,-0.21900398,-0.51587373,0.12934914,0.45228788,0.22868457,-0.22802685,-0.20396894,-0.022822855,0.037210427,-0.4005468,-0.15242593,-0.19741146,0.033346567,0.44406337,0.45956123,0.12118577,75.0
CCAA,-0.16603515,-0.12967485,0.25311217,-0.38715142,0.24680956,-0.0039945804,-0.09747799,-0.0900419,0.05792183,-0.026839983,-0.19407134,-0.36134332,-0.26089856,-0.11473246,-0.32998735,-0.099469654,-0.31514248,0.4051113,-0.15446897,0.23049657,0.1721294,0.3556588,-0.17145163,-0.23762167,0.008297462,0.011993243,0.09267421,-0.18296283,-0.20307721,0.21217987,-0.1354874,-0.0027497022,0.17833963,0.10415554,-0.3312839,-0.10231726,0.7919685,0.002604667,-0.14355601,0.59901464,0.12160065,0.29700616,0.17264162,-0.275596,0.43323347,0.16973709,-0.3168019,0.3392779,-0.10987352,-0.5890064,0.007646891,0.64543295,0.20858389,-0.12228448,-0.21349895,0.15366676,-0.009197981,-0.18175185,-0.1574134,0.063299924,-0.49168935,0.37617323,0.49576056,0.16351922,50.0
CCCA,-0.09348641,-0.27356657,0.21671706,-0.15563175,0.055064388,0.15434898,-0.390851,-0.10357963,-0.16321282,0.2351449,-0.10791029,-0.00023503098,-0.17643254,-0.107485004,-0.14405477,-0.35042784,-0.42608362,0.66131055,-0.22352953,0.09260109,-0.054788083,0.19448785,-0.17491417,-0.5144487,-0.05350883,-0.06295834,0.09414709,0.016968848,-0.17092234,0.21970117,-0.35198995,-0.0747414,0.04640432,0.19860008,-0.120199904,0.09311485,0.71492577,-0.020742929,0.12351448,0.43639427,0.046313643,-0.26707193,-0.047389146,-0.18918204,0.1518848,0.30632874,-0.36217263,-0.001653411,-0.30770487,-0.71291983,-0.04294807,0.6691155,0.11118294,0.003976382,-0.43112266,0.021956485,-0.078962095,-0.37030783,-0.27846912,-0.12627207,-0.005398807,0.3516793,0.28912556,-0.01021223,75.0
TGGA,0.3228162,-0.22355151,0.13691474,-0.5207002,0.09175796,0.3382697,-0.23328334,0.02958002,-0.096956335,-0.06011408,-0.52769405,-0.15555426,0.09471491,-0.050292104,-0.08886163,-0.17090331,-0.04657961,0.3462492,0.1381496,0.39985552,0.19739437,-0.2527441,0.09655801,-0.00097394024,0.03215208,0.121590436,-0.23621604,-0.0848545,-0.19582072,0.12815046,-0.020194687,-0.033787683,-0.016128251,-0.0142749725,-0.063802235,-0.21135497,0.3149129,-0.06051803,0.0013865905,-0.49158093,-0.029042095,0.011726854,-0.08372783,0.20259564,0.04468827,0.06337972,0.27219936,-0.54083765,-0.3938459,-0.4303655,-0.50669485,0.056742016,-0.6626588,-0.078828566,0.15946253,0.06851673,0.20517153,-0.086814865,0.24032871,-0.8902229,-0.3953834,0.23352686,-0.04284125,0.007309957,50.0
CAGA,0.25995466,-0.010618095,0.30737695,-0.35769284,0.39111355,0.2861649,-0.10507334,0.12375094,0.04290498,0.52685744,-0.37568513,-0.09388395,0.33659238,-0.17938782,0.22516511,-0.18482998,-0.3219528,0.07380989,-0.045547172,-0.41599676,0.20782754,0.37842584,-0.1574867,-0.4315516,0.17403118,-0.15877804,-0.039320905,0.13518627,-0.047655094,0.16250919,-0.04416832,-0.31205386,0.14387862,0.07240732,-0.18447971,-0.18451644,0.30391777,-0.2898515,0.25451863,0.2129672,-0.14115185,0.38899517,-0.07130813,0.16983123,0.26338917,0.2704481,0.103179224,-0.34743062,-0.02407601,-0.6747068,0.09953376,0.5532752,-0.3462501,-0.055138595,-0.21507764,0.20159078,0.0084188925,0.07581249,0.012357276,-0.23105045,0.23846947,0.41098958,0.11024406,-0.19681953,50.0
GGAG,0.4713634,-0.14608511,0.07283453,0.15388548,0.37113938,0.1533667,0.14985384,-0.06734097,0.02778934,0.5418612,-0.5069918,-0.4608884,0.2013516,0.09403167,-0.35153213,-0.3171072,0.13499123,0.2355369,0.111493565,0.09286481,0.36683667,0.16718064,0.107310355,-0.12973695,0.08599564,-0.19629252,-0.08944943,-0.103011236,-0.29074672,0.17638832,0.009368909,-0.46040183,0.06412272,0.0389874,0.14042851,-0.19028115,0.44699454,-0.34644178,0.15114172,-0.021393295,-0.11972256,0.1558676,-0.08890728,0.25882226,0.4304669,0.34519884,0.26317176,-0.62821776,-0.07858681,-0.4252757,0.106536314,0.14888315,-0.5487522,-0.20535628,0.0011692068,-0.07099654,0.35682645,0.06782322,-0.0079756295,-0.5922052,0.13762109,-0.045647677,0.23820841,0.09689666,75.0
CACC,0.031693134,-0.056070045,0.11363365,-0.21862957,0.118081585,-0.12581457,-0.13752045,0.24186924,-0.45483923,0.42144305,0.1306309,0.37674978,-0.0672689,0.088305935,-0.07490945,-0.30016917,-0.36990017,0.97190154,-0.1802373,0.019016687,-0.076817445,0.3918955,-0.2127674,-0.16034877,0.0057244943,-0.2219711,-0.2577499,0.15943874,-0.019411827,-0.017818952,-0.012823147,0.12488139,0.09765846,0.1476412,-0.29999015,0.035818927,0.5256742,-0.17095461,0.10759462,0.22039893,-0.21307969,-0.09489287,-0.52947307,0.13962118,0.082433656,0.106539376,-0.26114634,-0.12377481,-0.33037254,-0.50065976,0.25389326,0.47469875,-0.22229984,0.19988471,-0.43826982,0.031379398,-0.30392855,-0.5248936,-0.21567741,-0.10966381,-0.16912,0.6679867,0.1755645,-0.16208819,75.0
GCAG,0.27716905,-0.21379977,0.4796372,-0.12408711,0.40920782,0.28741163,-0.08544823,0.034837548,-0.24887995,0.5801918,-0.46057168,0.024441496,0.11111313,0.22347285,-0.07988289,-0.3768041,0.29802173,0.3499834,-0.23701674,-0.27634567,0.38322982,0.26022676,-0.06306601,-0.08700358,0.27506864,-0.42692408,-0.1411672,0.12808126,0.1230755,0.1064201,0.108946085,-0.2506309,0.28923562,0.044090364,0.23616423,-0.14319329,0.36903095,0.015285625,0.17792365,0.024491996,-0.12278517,-0.19501203,-0.38272792,0.24918205,0.16646518,0.27330905,-0.35589644,-0.2220128,0.009148986,-0.59776944,0.42552936,0.4112069,0.014468815,-0.10541422,-0.32092553,0.04656633,-0.038977996,-0.050048653,0.2789799,-0.08790596,0.2942294,0.11108488,0.23182462,0.13934878,75.0
TACC,-0.047749713,-0.3511545,0.040083162,-0.244088,0.037939306,-0.42371216,-0.16269065,0.17800343,-0.2644172,0.07397124,0.0404678,0.25265965,0.10931815,-0.24688412,-0.12963726,0.26514313,-0.027049828,0.7413847,-0.38166302,0.26184413,-0.23098809,0.30326197,-0.008256987,-0.009451923,-0.27212897,-0.34817594,-0.037346497,-0.062181875,-0.28961003,0.20496428,-0.14907002,0.17564173,-0.23487693,0.33503276,-0.105106585,0.09108531,0.2737703,-0.4085858,-0.2213017,0.2562791,0.033768147,0.13957724,-0.32307726,0.10178162,0.008732696,0.17600298,-0.36275458,-0.44849667,-0.5450671,-0.22400421,0.08738724,-0.08449971,-0.17720291,0.11024444,-0.42400452,0.162387,-0.3613587,-0.3154966,0.16573419,0.14696406,-0.39092836,0.5013167,0.3606836,-0.06929432,50.0
CGTT,-0.11090804,0.02132497,0.18581413,-0.24107258,-0.2553399,-0.061745055,-0.41282088,0.29950657,-0.22030222,0.4302778,-0.19621658,0.40282282,0.04039517,-0.115192845,-0.20793124,0.08889805,0.30618012,0.66057426,-0.33831456,0.3691822,0.09254471,-0.30153245,0.07627996,0.058539495,0.15971822,-0.2540939,0.036827922,-0.4262818,0.116402574,0.32498685,-0.28416747,0.22688238,0.051661827,-0.17681235,-0.087844975,-0.09853597,0.47027612,-0.15380116,-0.52661234,-0.09956181,-0.14814202,0.28381884,-0.2035426,0.09969507,0.22392227,0.31057,0.10180587,-0.13298313,-0.4897024,0.0052525457,0.15361264,-0.1518005,-0.059935626,-0.3555215,-0.34568262,-0.31918937,0.07518455,0.15883875,0.06008914,0.22984119,-0.586272,0.2865516,-0.36362955,0.03815525,50.0
GCAC,0.054596268,-0.2013423,0.37699157,-0.36241633,0.043782737,0.007126918,-0.1585712,0.12798499,-0.50738645,0.3284058,0.071968526,0.29748404,0.07102973,0.3493782,0.104301944,-0.26614147,-0.27785847,0.5924734,-0.42070904,0.011485156,-0.0030663414,0.08321179,-0.11743457,-0.11087106,0.11200847,-0.56395376,-0.28027475,0.2590956,0.1521928,0.13090745,0.17306058,0.19626918,0.27491727,0.051990863,0.20811057,-0.25239518,0.46819746,-0.15394895,-0.061000723,0.07389437,-0.29164618,-0.0564319,-0.6628011,0.32230768,0.06772043,-0.113564305,-0.29707962,-0.220283,-0.2404628,-0.5451733,0.29584163,0.3630131,0.23042513,-0.14017437,-0.31126863,-0.10987429,-0.24523026,-0.12562594,0.100111336,-0.21947505,0.117772035,0.374203,-0.047959443,0.22013485,75.0
TGCA,0.10392927,0.08947098,0.48181644,-0.32225388,-0.22985452,0.017648116,-0.13590331,0.03733487,-0.41761333,0.12529457,-0.2344869,0.10777989,-0.18337618,-0.026906041,0.23105823,-0.31968412,-0.32155928,0.34446004,-0.43705356,-0.16312654,0.43699557,0.10447429,0.07632784,0.13895647,0.42479157,-0.39754087,-0.4618238,-0.0095134545,0.244308,-0.0400126,0.23465979,0.36221734,0.45853513,-0.14774826,0.014073055,-0.052451674,0.7998525,-0.017911408,-0.30319986,-0.010289769,0.19475178,0.38887522,-0.33239576,0.058938183,0.43958792,-0.03742272,-0.2693534,-0.23450643,0.077592574,-0.28197658,0.25004783,0.32867438,-0.15670337,-0.30924612,-0.09415998,0.3021256,-0.04016509,-0.280271,0.5904343,-0.292372,0.18738842,0.13371603,0.20931683,-0.05039023,50.0
GTGC,0.20424645,-0.2749304,0.43419114,-0.19458118,-0.18312612,0.035770085,-0.199041,-0.09878084,-0.4161745,0.22831689,-0.23377396,-0.07446566,-0.1889134,-0.063960955,-0.56647426,-0.17326817,0.08880019,0.48875317,-0.25695872,0.061292965,0.073791325,-0.3499432,0.0023807348,0.30318183,0.48839125,-0.25480276,-0.42099914,0.058095302,0.090667255,0.20166354,0.17085935,-0.13187405,0.122227065,-0.0988765,0.2821518,-0.23564291,0.6104522,-0.13466911,-0.16080937,-0.16525482,-0.13697909,0.007185562,-0.40067422,0.0761657,0.2786991,0.28285128,-0.13348433,-0.08033411,0.44616687,-0.21170713,0.09331287,0.21679889,-0.15589899,-0.36778694,-0.57980585,0.04471619,0.17453766,-0.13489303,0.39551538,-0.43564454,0.062658474,-0.080982946,0.117594086,0.19640163,75.0
GAGC,0.39692786,-0.30682746,0.234822,-0.006702645,0.3284997,0.1688683,0.27242777,0.13167258,-0.016082544,0.81469166,-0.45752436,-0.09001215,0.18262708,-0.039903697,-0.0057178778,-0.2465215,-0.08182018,0.13967934,0.019264676,0.33245865,0.509047,0.22032377,-0.0035114551,-0.017796373,0.17991565,-0.38357297,-0.29047316,0.22854471,0.06634191,0.1014464,0.15133347,-0.051401097,0.10994501,0.227964,0.12374549,-0.19657202,0.2832563,-0.1859079,0.22889832,0.15299147,0.13234343,0.050720196,0.054070637,-0.10587399,0.31021348,0.10806134,-0.18919288,-0.3817748,-0.12413296,-0.5227744,0.5913609,0.1748105,-0.35743403,-0.21184593,-0.20986065,-0.022996463,0.2584443,-0.19506143,-0.018039964,-0.20377924,0.15306091,0.1584839,0.3420983,0.09194753,75.0
CGTA,0.09347102,-0.1632906,0.29417366,-0.01948977,-0.16144577,0.044737678,-0.20510505,0.06088296,-0.4353279,0.2202593,-0.0166736,0.01622437,-0.12704486,-0.18669468,-0.5861356,0.37492257,0.12939677,0.63128054,-0.32080585,0.018336652,-0.32511714,-0.14904484,-0.1356735,0.226501,-0.073879264,-0.30118072,-0.0189972,-0.3305133,-0.055242475,0.39282823,0.086674854,-0.15769039,-0.0360482,0.010700578,0.16922054,-0.4714348,0.25726193,-0.39951798,-0.16798422,0.23844962,-0.3828646,0.07097951,-0.29044566,-0.020595368,0.21864852,0.55925286,0.13874316,-0.28616953,-0.41621768,0.0077873664,0.5235277,-0.04617858,0.12926477,-0.38555506,-0.27596435,0.07635424,0.18668096,0.08240743,0.35787076,0.4614651,-0.54826003,0.115892015,0.29736027,0.11121775,50.0
CAAG,-0.032037392,-0.19559245,0.14351422,-0.11143006,0.3320776,0.30690607,-0.13814658,-0.16526262,0.22038889,0.010482983,-0.33218238,-0.28985873,-0.013982287,0.1217304,-0.17507938,-0.3693991,-0.1809958,0.22161421,-0.30997384,0.088116676,0.4300137,0.106703974,-0.15855262,-0.14260279,0.22499776,-0.21292314,0.002608929,-0.030257218,-0.27910122,0.2931609,-0.09199246,0.09589253,0.08179576,-0.0038508722,-0.08123935,-0.22604293,0.6630192,-0.014156443,0.041137487,0.35877225,-0.10104232,0.36150074,0.008450868,-0.2525435,0.4856646,0.33777562,-0.21212682,0.15575421,0.16416176,-0.75186694,0.2884494,0.53737193,0.1930485,-0.060353834,-0.38651708,-0.10711368,-0.10441095,-0.04625651,0.17319846,0.15283456,0.22101006,0.36868095,0.43697497,0.025367992,50.0
GGCA,0.2960571,-0.06226938,0.47287476,-0.2475007,0.21719831,0.33289537,-0.13634086,-0.12844181,-0.4193179,0.044660065,-0.15084639,-0.019199766,0.20067132,0.2936664,-0.084158465,-0.26934496,-0.14219716,0.46903026,-0.22093858,-0.1461311,0.3610308,0.17360775,-0.023519903,-0.034586538,0.34068456,-0.3931042,0.028633159,0.22156179,-0.020460272,-0.025371525,0.07008938,-0.020226695,0.3917521,-0.24446197,0.024717608,0.006530465,0.62556183,-0.08525595,-0.055503417,0.22407852,0.033349138,-0.21517844,-0.5475218,0.22153848,0.28211832,0.09860398,0.004282374,-0.21216875,0.13142869,-0.47110412,0.14900534,0.24004741,0.15742145,-0.17411363,0.0010703917,-0.028581623,-0.07019939,0.11908014,-0.029051188,-0.49674785,0.2211288,0.4444746,0.35988653,0.27897453,75.0
TGCC,0.19734858,-0.3440969,0.38299936,-0.15719706,-0.2190254,-0.30409744,-0.039078586,0.19290496,-0.16678753,0.103696324,-0.21567944,0.1675732,-0.39935943,-0.21160568,-0.17872338,-0.0046842685,-0.0673659,0.68679976,-0.43028015,0.35502374,0.15119874,-0.13406338,-0.1297498,-0.08031857,0.15379843,-0.49828234,-0.24306265,0.029142324,0.010021238,-0.061052058,0.10597976,0.24550952,0.10927651,0.116246104,0.358399,0.12742531,0.6743091,-0.028931776,-0.3115028,-0.0020025792,0.33330512,0.108917266,-0.05959439,-0.17529303,0.005043512,0.11943731,-0.34403268,-0.054753635,-0.17177387,-0.05745969,0.13651071,0.24523768,-0.18277131,-0.44219077,-0.14920014,0.165055,0.2070684,-0.63479316,0.23562522,-0.32256243,-0.36382645,-0.027802836,0.38472039,0.02963703,75.0
ACAC,-0.20414329,-0.034144156,0.28240356,-0.69484544,-0.071417294,0.046246454,0.054475736,-0.16113628,-0.457062,0.15008762,0.34864715,0.12998708,0.19424622,0.28834766,0.3963559,-0.08259205,-0.35437948,0.30762178,-0.18730257,0.21812418,-0.41873413,0.19989909,0.15993452,-0.1133475,0.21919823,-0.11188783,0.05544599,0.1817955,-0.14359422,0.10829085,0.016625427,0.15238602,-0.03276628,0.14281046,0.067097895,-0.29128745,0.5005737,-0.18455456,-0.11696238,0.14139062,-0.421924,0.24210276,-0.36839765,0.23595998,0.27687508,0.037796084,-0.014296707,-0.48953077,-0.49878088,-0.88821965,0.15452863,0.15889344,0.042786963,-0.037590597,-0.18300402,-0.18008919,-0.5122689,-0.23982254,0.14934786,-0.2660149,0.08469912,0.5770174,0.07999028,-0.048867367,50.0
GCAA,-0.032859363,-0.09963386,0.55354017,-0.43273574,0.18228528,0.23086138,-0.011769114,0.0374162,-0.257688,0.006077273,-0.48363826,-0.16443372,0.04354961,0.42920756,-0.065444574,-0.20694491,-0.08580776,0.08837947,-0.18523668,0.13238943,0.51414335,0.047167834,0.053564753,0.050776105,0.17613488,-0.37205568,-0.11245435,-0.19791043,-0.0024903321,0.22549942,0.22242479,-0.012460045,0.49403363,0.012730132,-0.11850886,-0.3827193,0.65021634,0.20855352,0.054358028,0.34453344,-0.06920651,0.10591565,-0.1871265,0.077646635,0.25535613,0.038974147,-0.42863905,0.21584801,0.15866032,-0.66913515,0.08218565,0.6888205,0.29693002,-0.40556413,-0.107625335,-0.05659725,0.007914709,-0.002222011,0.2117758,-0.18628797,-0.09352383,0.20441261,0.40212187,0.38575667,50.0
AAGG,0.43357912,-0.15598269,0.2092224,-0.3752433,0.41007304,0.39627248,0.0100813,-0.45899972,-0.35866338,-0.17834602,-0.48686066,-0.5585398,0.40795875,0.24293219,-0.290047,-0.009568588,0.28405106,-0.010282446,-0.037821397,0.300827,0.5431769,0.17458233,-0.040783685,0.008212083,-0.081809066,-0.16403693,0.069129094,-0.17498444,-0.28694755,0.48416603,-0.20622744,-0.2130788,0.042966854,-0.09028682,-0.14280368,-0.19576503,0.49095148,0.028245864,0.02821133,0.41892737,-0.09278994,-0.024077138,0.19388595,0.12255537,0.5019185,0.4672688,-0.054665685,-0.20513032,-0.008895482,-0.50600415,0.06751298,0.2373131,-0.14372247,-0.24290466,-0.11530683,-0.3245621,0.009483556,0.1855215,0.16452913,0.022874108,-0.0026774032,-0.0037490157,0.5877817,0.2341298,50.0
GGAA,0.003241277,-0.24629514,0.15934801,-0.39577317,0.030167835,0.29577348,0.11259061,-0.15717137,-0.37946907,-0.16294748,-0.54327446,-0.54371136,0.38757294,0.37243104,-0.48281953,-0.03892365,-0.002759896,0.1345439,0.095631,0.43759358,0.32702377,0.2117376,0.34313434,-0.10110013,-0.04730283,0.1732473,0.0653885,-0.46049362,-0.26246706,0.23007368,-0.26617864,-0.14834735,0.014685556,-0.18420793,-0.21693689,-0.4067226,0.3229424,0.08395502,-0.0639242,0.07815138,-0.44718626,0.21610433,0.11239601,0.27460247,0.32655486,0.08932213,0.39767867,-0.4001333,-0.22270896,-0.44095725,-0.20440505,0.122604795,-0.2852732,-0.25692877,0.093866765,-0.278347,0.20896278,-0.099912055,0.0026172416,-0.38359442,-0.40601927,0.03081715,0.23920088,0.2777495,50.0
TCAG,0.36296734,-0.037747532,0.017030833,-0.32950327,-0.0073127537,0.44132423,-0.11411157,0.3327858,0.03549315,0.58809215,-0.48216605,0.09904697,0.36569974,-0.107099995,-0.23758723,-0.5315659,0.11975456,0.39384177,-0.20544998,-0.24090739,0.58623123,0.35486168,-0.35127836,0.022044659,0.2817895,0.12187289,0.105098136,0.028886933,-0.25298998,0.19998161,-0.13967827,-0.4381961,0.21238062,0.044270597,-0.04374988,0.114958405,0.36736727,0.11749246,-0.03128966,-0.084820956,-0.34913984,0.12661944,-0.20035666,0.13059735,0.43777075,0.43540144,-0.119312875,-0.22766286,-0.07624585,-0.6280682,0.16741982,0.37310725,0.11270683,0.10126745,-0.09155028,-0.11335101,0.096447594,0.4484315,-0.14713213,0.11431018,0.32590625,0.120009705,-0.1122474,-0.4033065,50.0
GCTT,0.40930283,-0.13896048,0.58968985,-0.39761952,-0.18225166,-0.15729594,0.4078588,0.23973343,-0.10468042,0.076353215,-0.3460202,0.38507983,0.39633957,0.11917382,-0.013060743,0.06808145,0.14786297,0.21832561,0.046421476,0.5315885,0.5831049,-0.17833243,-0.034499258,0.064191155,0.11361191,-0.28981137,-0.013639872,-0.14871344,-0.112890474,-0.030763973,0.08489352,0.2892851,0.2157165,-0.20112489,-0.093932144,0.010533482,0.47166815,0.20873299,-0.4100031,-0.149804,0.28216103,0.16468444,0.13175993,0.2137362,0.05487475,0.24147624,-0.35473514,-0.12037624,0.008232907,-0.27285036,0.10905399,-0.071016006,-0.042571448,-0.6504843,-0.09775617,-0.57583994,0.194436,-0.23915555,0.39488515,-0.24468414,0.08372311,0.28585258,-0.035345465,0.123422325,50.0
CAGC,0.24654716,-0.1337183,0.18604296,-0.14014989,0.30234784,0.1134945,-0.010876464,0.32209745,-0.035486124,0.724507,-0.19130048,0.13183795,0.24195953,0.07730824,0.05248267,-0.45570827,-0.2235676,0.26745278,-0.17770725,0.15865497,0.52920413,0.2824539,-0.20548132,-0.18035014,0.086926594,-0.6657692,-0.043674238,0.33837423,0.0601077,-0.022936305,-0.006777897,-0.114720725,0.246646,0.10046595,-0.08333327,-0.0034204372,0.54387146,-0.10267951,0.13496733,0.46959928,0.01763881,0.13145386,-0.28850248,-0.22056152,0.19806886,0.25442016,-0.45573285,-0.010713579,0.061941337,-0.62293154,0.5370004,0.5059434,0.026626112,-0.25596786,-0.20989127,-0.35204917,0.06295876,-0.116074815,-0.10512253,0.006957804,0.06453339,0.4965396,0.31542462,0.032799102,75.0
CTAC,-0.040447045,-0.32975253,0.17838624,-0.23754497,-0.2616485,-0.23196435,0.22329575,0.15571809,-0.49995837,0.23378551,0.38365343,0.19694535,0.2630032,-0.082181,-0.027548052,-0.035280462,-0.2790317,0.48453212,0.076718636,0.4299509,-0.36849704,0.42351353,-0.44204798,-0.053067327,-0.077098444,-0.26309255,0.06333349,-0.25639397,-0.058678363,0.19327058,-0.0013666146,0.32538086,-0.35779876,0.32677823,-0.26315716,-0.19765627,0.34591988,-0.34019968,-0.28143647,0.112609394,-0.3249892,0.13519362,-0.4756571,-0.15024087,-0.1595553,0.17054896,-0.43798876,-0.64299,-0.10115788,-0.5258937,0.51105446,-0.4363478,0.16354686,0.05796385,-0.43856975,0.2828297,-0.2585931,-0.22254524,0.12882204,-0.12939227,-0.29984692,0.3227673,0.21687925,-0.17401704,50.0
TCCC,0.20735288,-0.36057103,-0.024193441,-0.07997963,0.03449164,-0.12875766,-0.3155598,0.30851933,0.14638588,0.20268321,-0.11980836,-0.033687282,0.01751095,-0.5678883,-0.35906824,-0.20275192,-0.08764356,0.7096885,0.053434636,0.5169699,0.16464241,0.07700222,-0.51113904,-0.48187703,0.13816269,-0.08144534,0.056653682,-0.18711005,-0.3980378,0.056494784,-0.4744575,-0.0928719,-0.014296943,0.10171423,-0.08436943,0.15343203,0.46052775,-0.09014862,-0.21815027,0.16040547,0.107697695,-0.092363335,0.05618592,-0.05079777,-0.13979867,0.12374724,-0.11014394,-0.20457608,-0.20901044,-0.43222335,-0.2123968,0.24387512,-0.01950229,0.18787469,-0.2551988,-0.050249826,0.38104305,-0.29944623,-0.35378876,-0.20065694,-0.29538092,0.2652909,0.038671475,0.042382773,75.0
AACG,-0.30702314,-0.00097447657,0.43705377,-0.63930833,-0.070225894,0.31936806,0.0038239663,-0.02237173,-0.5320464,0.15210693,-0.07616507,-0.32769027,0.12516657,0.47100297,-0.2525871,0.29350448,-0.07785635,0.49864846,0.13166249,0.19030584,-0.03182359,0.015850494,-0.048293952,-0.085827045,0.26891318,-0.041820165,-0.011179993,-0.27324453,0.06471415,0.19576313,-0.07764314,0.10937788,-0.04685899,-0.1871636,-0.18788038,-0.68542767,0.2950103,-0.011491947,0.0102427015,0.3053432,-0.35419542,0.12620744,-0.103261515,0.20631856,0.19130282,0.16746108,0.2780713,0.14296137,-0.43164524,-0.6700555,0.11790356,0.032408137,0.087641016,-0.45563996,-0.039705742,-0.34715265,0.097278096,-0.28082776,0.034877434,0.17835116,-0.31989047,0.22389455,-0.1793351,0.16668531,50.0
ACTG,-0.16589537,-0.35416636,0.09486583,-0.6265053,-0.3851019,-0.108437434,-0.00087410066,0.057991605,-0.48913908,-0.07905603,-0.30631804,0.181134,0.15175985,0.03783773,0.026001593,-0.023698596,-0.32512894,0.15793268,0.17586125,0.3774284,-0.32646218,-0.18500213,0.014738757,0.3647748,0.2635609,-0.07246886,-0.19872606,-0.043391347,-0.06078313,0.104108095,-0.08217854,0.0051427768,-0.07578809,0.20649922,0.023230849,-0.59656763,0.46938127,0.13110188,0.0134421075,-0.01365794,-0.41331303,0.24512154,-0.24938369,0.25403565,-0.030893069,-0.11592571,-0.14285327,-0.44412956,-0.19040576,-0.3833108,0.1335975,0.154092,-0.6333323,0.12204657,-0.3023619,-0.1660705,0.018990433,-0.14731927,0.40394813,-0.65599394,-0.17555574,0.15140769,0.06894903,-0.22184306,50.0
CCTA,0.38908866,-0.4931727,-0.03373695,0.07636805,0.012015394,-0.03514765,0.03753851,-0.068421796,-0.18360505,-0.14847083,-0.14089482,0.11350297,0.16770296,-0.65267813,-0.30159894,0.11954349,-0.011160058,0.2989496,0.11316884,0.18755926,-0.08573036,0.20729144,-0.6510512,-0.26661316,-0.18231738,-0.4672889,-0.27239975,-0.08243461,-0.5358896,0.09387581,-0.290424,0.3142726,-0.23814046,0.2822926,-0.16573538,0.03507967,0.22613993,-0.36999515,0.07188721,0.2060883,0.17519961,0.14176056,-0.18543473,-0.14794105,0.02776129,0.18418264,-0.39404243,-0.55249107,-0.23538873,-0.32158217,0.4461754,-0.16882032,-0.14150316,0.07442539,-0.46713483,0.12198845,-0.35634592,-0.37459996,0.19416769,-0.117764674,-0.21062295,0.48832768,0.43776405,-0.2515368,50.0
CCTC,0.2883184,-0.31821632,-0.110485755,-0.31878573,-0.17204213,-0.2590692,-0.040224113,0.37168264,-0.10583835,0.17403091,-0.13650218,0.43107086,0.110416606,-0.3840721,-0.31316477,-0.24705489,-0.29923153,0.5272086,-0.069679014,0.5899452,0.32885766,0.054890875,-0.6592569,-0.31382877,0.041067023,-0.36573455,-0.041453123,-0.110971704,-0.39216077,-0.052787438,-0.31946585,0.15544017,-0.18633658,0.18805183,-0.007339972,0.23374066,0.45751834,0.02465737,-0.11347813,0.08582321,-0.05844098,-0.10286115,0.036747523,-0.23567931,-0.19025247,0.09678881,-0.22759259,-0.34019312,-0.25906444,-0.4381106,0.19323187,0.054058015,0.05098417,0.078613445,-0.49187002,-0.044781428,0.0024897049,-0.15765147,-0.38983116,-0.18305779,-0.105145045,0.48983335,0.06878063,-0.02694886,75.0
ATGC,0.092476614,-0.38785985,0.6180721,-0.081938416,-0.28585365,0.2934827,-0.090536,0.029772084,-0.3784895,0.034683365,-0.22535329,-0.08335368,0.01992293,-0.3592098,-0.09849278,0.34241048,-0.21585946,0.28756487,0.013984057,0.0029961397,0.22053654,-0.054421097,-0.045234647,-0.024860984,0.30484706,-0.4465716,-0.15509515,-0.22457686,-0.021689408,0.03811096,0.6084112,0.27963042,0.22391474,0.26193634,0.057375334,-0.23445337,0.70480776,0.08173894,-0.33419836,0.027193267,0.08796584,0.15714678,-0.23522456,-0.09448219,0.010370771,0.041889332,-0.056569457,-0.19489788,0.33590183,-0.27942157,0.038107444,0.10881804,0.053460646,-0.46945065,0.09008671,0.39840543,0.17513226,-0.64634204,0.49849522,-0.348302,-0.1962881,-0.03761535,0.43692982,0.23880021,50.0
GGGT,0.5235639,-0.24398626,-0.14840828,-0.05909207,0.17267573,0.008954643,-0.23651905,-0.15454954,-0.28704777,-0.06394297,-0.31383806,-0.20599408,0.16042261,0.024570385,-0.44533324,0.07368509,0.5569697,0.45627865,-0.23642932,0.42939198,0.43108264,-0.27076897,-0.20246343,0.10850731,0.22472101,-0.19449313,0.13660723,-0.24419743,-0.38729215,0.30315846,-0.41076863,-0.25590217,-0.13931593,-0.3122509,0.35416722,0.13740067,0.33293578,-0.0478962,-0.33632067,0.16891755,-0.07209079,-0.035954516,-0.23318815,0.2384951,0.058090493,0.34521338,0.31681508,-0.58696216,0.00040899776,-0.31726253,-0.37398422,0.016297795,-0.047846656,-0.19001268,-0.10714106,-0.21428996,0.37506256,0.54684865,0.2215963,-0.61446685,-0.30130008,0.15910386,0.28522325,0.041099172,75.0
TGGG,0.39895305,-0.37274092,0.21867582,-0.22023818,0.062589586,0.2830954,-0.29072702,-0.2356371,-0.30370107,-0.10307032,-0.4333472,-0.071727276,0.07400869,0.11075643,-0.37159246,-0.08974314,0.30333304,0.38670638,0.05803222,0.47525766,0.3349068,-0.20533812,0.028466342,-0.12696727,0.3272977,-0.1952883,0.028284382,-0.06715315,-0.42348498,0.024749937,-0.1413588,-0.06016056,0.23052314,-0.18105799,0.20904763,-0.03648455,0.59653085,-0.036030408,-0.26659694,-0.15078154,0.2616475,-0.10968047,-0.20113018,0.069335945,-0.022073537,0.06376745,0.057065427,-0.3309579,0.021108432,-0.33406255,-0.56676465,0.070572175,-0.31075588,-0.23580876,0.13402994,-0.20901729,0.28307107,0.0816007,0.13776644,-0.9807589,-0.23545794,0.13276353,0.37972227,0.12276666,75.0
GACT,0.08275388,-0.034780566,0.099143796,-0.47213942,-0.2662321,-0.07863516,0.21456811,0.35255286,-0.013239556,0.16151825,-0.3723303,0.17626846,0.15156578,-0.07024978,0.23257785,-0.17309257,-0.42497882,-0.06535044,0.01793497,0.4004185,0.00466318,0.027247928,-0.09097681,0.19253771,0.34764314,-0.06373471,-0.2447709,-0.09906757,-0.11441454,-0.08637821,0.05934464,0.0373101,-0.17505676,0.16729984,-0.16993237,-0.21881267,0.012279281,0.012374591,0.15296847,-0.14168417,-0.29442886,0.30575234,-0.10508721,0.20718488,-0.02931345,0.18445301,-0.042005196,-0.81223357,-0.38772592,-0.6143142,0.18370727,-0.062191688,-0.6542034,0.10784313,-0.42647702,-0.015308379,0.07940531,-0.27649426,0.32196262,-0.6590968,-0.2515873,0.25240543,0.0010949979,0.020570092,50.0
CCTG,0.1569074,-0.5570594,-0.13607506,-0.11527343,-0.04138326,-0.20181365,-0.103338555,0.074032344,-0.2627856,-0.034937866,-0.4390557,0.2415556,-0.15832867,-0.37777933,-0.11325953,-0.19599482,-0.34218207,0.51456565,-0.09188269,0.27075732,-0.013868109,-0.066270165,-0.20603137,-0.018707287,0.069778875,-0.4257825,-0.18640345,0.039878167,-0.3138903,-0.098566376,0.010625765,0.022249727,0.101756044,0.39930248,0.061259773,-0.036046956,0.50701904,-0.072222866,-0.017527804,-0.012701722,0.06916527,0.025204932,-0.09356676,-0.15588868,-0.10177043,-0.12901923,-0.35472348,-0.3974805,-0.15281026,-0.2827693,0.19547921,0.15341954,-0.673393,0.19202033,-0.4806117,0.123778075,0.0762835,-0.44969356,0.20118004,-0.7801503,-0.22403741,0.24085498,0.40464282,-0.067111045,75.0
GTCC,0.37523445,-0.1355412,-0.15626061,-0.24382474,-0.16298038,-0.16769154,-0.43600446,0.014416851,-0.020850327,-0.041971866,-0.28636166,-0.10605077,-0.25757995,-0.39896825,-0.50265765,-0.30766422,-0.14680132,0.5032247,-0.29324102,0.30422038,0.2254659,-0.069972835,-0.7002741,-0.030977508,0.09372224,-0.076357745,0.034292165,-0.17755619,-0.22690438,0.17025636,-0.53872633,-0.19871598,-0.042219505,-0.049959034,0.15649176,0.03956885,0.61454785,-0.1826893,-0.32208434,0.0384474,-0.18047756,-0.17523849,-0.16206934,-0.18242273,0.079025134,0.4035784,-0.029381022,-0.23518193,-0.09034346,-0.17644815,-0.20561077,0.5692023,0.1790953,0.17512052,-0.55166316,0.23653449,0.2228021,-0.04160523,-0.25877514,-0.12070894,-0.40673274,0.26915494,-0.0032786578,-0.1856205,75.0
GCGA,0.08109354,-0.21260779,0.6116773,-0.21735364,0.22323653,0.3377852,0.09707388,0.052311253,-0.1611313,0.5581256,-0.14399679,0.030884564,0.09006037,0.04105958,-0.17049313,0.07924784,0.04120288,0.5368704,0.17795432,-0.0043742443,0.15731877,-0.020979237,-0.034251273,-0.0065305526,0.14664447,-0.14795811,-0.0104704015,-0.05322621,0.3272954,0.026951486,0.21577574,-0.089874804,-0.14573175,0.085715786,0.072519585,-0.5785717,0.22453217,-0.25335547,0.054340575,0.22101782,-0.29323894,-0.25841013,0.09131224,0.14608772,0.18802832,0.31849134,0.13040948,-0.28656703,-0.30657834,-0.60347897,0.37621582,0.08775988,-0.18569566,-0.02694235,-0.2305589,-0.3823376,0.23160607,-0.38609505,0.20858108,-0.3306393,-0.113306716,-0.09372811,0.029619157,0.50980854,75.0
CTCG,0.2677438,0.071637005,0.23225261,-0.22134142,-0.11925767,0.09028494,0.37943718,0.31605434,-0.16658235,0.18234016,-0.14882156,0.018825797,0.09783518,-0.3366096,-0.35509837,-0.2312964,-0.3096359,0.26495498,0.017812824,0.52834123,0.33304635,-0.31502655,-0.61920345,0.081585474,0.39053166,-0.102316216,0.013433558,-0.052018244,0.014259884,-0.06855471,0.062146693,0.14083062,-0.25932294,-0.022689197,0.25405005,-0.3434033,0.17694643,-0.04677616,-0.29302728,-0.0076329736,-0.21367998,0.054396685,-0.13161558,0.09694283,-0.20533568,0.21238865,-0.01770713,-0.25906858,-0.15656412,-0.54681677,0.26369253,0.05542896,0.16170026,-0.015277691,-0.54477113,-0.4505297,0.16939819,-0.035780136,-0.14046688,-0.2886579,-0.19578677,0.24505444,-0.04353582,0.09399056,75.0
CCGA,-0.08430109,-0.2793845,0.45085624,-0.13826907,0.15419681,0.09939744,-0.05044268,0.0789974,0.14041601,0.71372396,-0.06389834,-0.059530117,-0.12912357,-0.34495732,-0.30598804,0.028275812,-0.12903796,0.8537678,0.2108609,0.22072873,0.20346352,0.22381492,-0.044590123,-0.32476392,-0.20026919,-0.015014016,0.0025735998,-0.088040225,0.19047683,0.14261255,-0.04653088,0.13021728,-0.08886593,0.363851,-0.1357746,-0.23537497,0.20798892,-0.18487962,-0.072156854,0.08642339,-0.15303056,-0.09777292,0.3932213,0.108789705,0.12651779,0.030950228,0.19711731,-0.147386,-0.81509084,-0.5779129,0.2825688,0.22883213,-0.30175313,-0.0013132355,-0.38522384,-0.060268864,0.09898617,-0.6735117,-0.12623319,-0.057834446,-0.26698944,-0.0006421546,-0.016459696,0.17510563,75.0
GACG,0.02283518,0.0561739,0.20542775,-0.39895177,0.20772661,0.11181622,0.074332125,0.058632795,-0.27043945,0.61356837,-0.1817349,-0.1708715,0.14024119,0.28018484,0.0020709776,0.05862187,-0.24013253,0.4628695,0.07663778,0.29369304,-0.064181946,-0.090127304,0.06044053,0.15329398,0.23918335,-0.014519123,-0.06856382,0.009933962,-0.06992396,0.11726379,0.19755428,-0.28486815,-0.0047306097,0.014310096,0.16045098,-0.5466198,-0.090270944,-0.23058057,0.08588805,-0.20085411,-0.44024527,0.052952856,-0.069038875,0.40506515,0.06811981,0.30631766,0.2960334,-0.5789079,-0.47572976,-0.5313228,0.051780336,-0.033063278,-0.42555934,-0.06699648,-0.40931818,-0.356504,0.26611283,-0.086377874,0.10465563,-0.46565342,-0.20046496,0.33042604,-0.24246618,0.30011687,75.0
GAGA,0.34056687,-0.23033781,0.34605196,-0.29487833,0.42896107,0.17857881,0.20508128,0.0036638165,0.059542235,0.59575665,-0.59085345,-0.20265865,0.15816487,-0.22462454,2.2682594e-05,0.06530719,-0.12912972,0.14725119,0.08963322,-0.067607,0.21930383,0.16217601,0.07098236,-0.2105791,0.21395646,0.120081566,-0.26494834,-0.12910365,-0.090262376,0.27756712,0.044481732,-0.087860875,-0.0597852,0.23491453,-0.062553756,-0.35616565,0.12392007,-0.32121474,0.27129722,-0.059702877,-0.10123062,0.31626138,0.3780709,0.1414173,0.36528337,0.17036663,0.23652582,-0.58747214,-0.22422095,-0.6339724,0.3663865,0.16747268,-0.72210926,-0.070534475,-0.41279185,0.30632466,0.1492531,-0.14798373,0.16474803,-0.34123975,0.24189869,0.1512982,0.089479476,-0.0016672772,50.0
TTGG,0.37394342,-0.2509472,0.23058648,-0.35842595,0.013700807,-0.090819776,-0.3036198,0.06534708,-0.17235215,-0.18028893,-0.7477509,0.07892786,0.071088016,0.17309983,-0.23879783,-0.033960253,0.17853242,0.53760415,-0.03936398,0.58498025,0.24245322,-0.2526615,0.256871,0.03773569,0.0848052,-0.14759365,0.21538988,-0.071932085,-0.17953378,-0.11101291,-0.3628068,-0.046141475,0.309014,-0.23905762,0.039255846,0.059097998,0.7735031,0.030924065,-0.3407694,-0.21770328,0.21888003,-0.11446855,-0.09494505,0.21313177,0.1822738,-0.0792469,0.10250893,-0.3866166,-0.11211023,-0.17254357,-0.4211081,-0.043375816,-0.5256206,-0.51368505,0.041048247,-0.32390776,0.14440729,-0.14321272,0.20405169,-0.6477524,-0.21556146,0.1591636,-0.01628662,0.041445687,50.0
AGGT,0.45394045,-0.16503027,-0.15109426,-0.022057753,0.025472745,0.10886454,-0.056694295,-0.008067902,-0.2473268,0.15148118,-0.3500486,-0.19339933,0.08229147,0.16478539,-0.4379605,-0.13183041,0.41229445,0.19192411,-0.13882285,-0.052533317,0.1829635,0.15890735,-0.039897446,0.15503256,0.20776667,0.008481625,-0.16094042,-0.38069758,-0.39186132,0.41073996,-0.34866643,-0.22134955,-0.016215134,-0.393436,-0.0057887975,0.07678308,0.42651996,-0.17126733,-0.10734838,0.35201734,-0.22918426,0.06930443,-0.27359903,0.2512546,0.4771065,0.6471918,0.30720386,-0.38338134,-0.03937836,-0.3880591,0.10508487,0.40456212,-0.13205495,-0.11975729,-0.10106815,0.23725846,0.062830545,0.47867697,0.3274989,-0.2817211,0.051835053,0.010244093,0.13905618,-0.049378976,50.0
AAAA,-0.23707968,-0.36503094,0.40867585,-0.48394737,0.057451457,0.52825695,-0.118850775,-0.11230447,-0.0057929526,-0.23500681,-0.44007033,-0.52132773,-0.12024095,-0.015844617,-0.49128768,0.107713774,0.06182002,0.0070338235,-0.06487308,0.098186776,0.052117053,0.44851276,-0.016976302,0.04009085,-0.20143965,0.36355388,0.29094926,-0.36587113,-0.30344793,0.6439054,-0.33915424,-0.076442525,0.24999662,0.2781543,-0.40784276,-0.46900597,0.5296368,-0.080447994,-0.018822305,0.2631308,-0.18759541,0.48390824,0.44152036,-0.19710553,0.53465044,0.20972748,0.063061595,-0.17670332,-0.2907318,-0.6595923,-0.16228601,0.51120514,0.1756304,-0.3583532,-0.3332037,0.1721848,-0.118485846,-0.015732069,0.25080797,0.1676377,-0.3923092,0.40882134,0.421988,-0.07027559,0.0
GCCT,0.33047044,-0.5883794,0.17387937,0.19273454,0.23068309,-0.34493348,0.20213756,0.2304583,-0.09658259,0.22999366,-0.26598546,0.22073756,-0.053651594,-0.20694557,-0.1657158,0.030946484,0.3131506,0.3774299,-0.115128785,0.26456517,0.18745986,0.0845869,-0.37188208,-0.05751222,0.22281028,-0.52491343,-0.111779325,0.024167353,-0.3970198,-0.250673,-0.026354296,0.12702322,0.07916802,0.27995372,0.2000006,-0.026704835,0.435153,-0.15807222,-0.05774232,-0.050100308,0.12868325,0.04668057,-0.15763332,-0.098703064,-0.39517605,0.09110564,-0.49557832,-0.2904548,-0.028828358,-0.27150226,0.2260158,0.0069497144,-0.3162462,-0.029525096,-0.3483208,-0.112986244,0.14777005,-0.6331958,0.06421027,-0.54208356,-0.14598098,0.4044053,0.3256689,0.10482878,75.0
GTTG,0.019034367,-0.078186646,0.036812067,-0.22644922,-0.30223578,-0.21246928,-0.25762224,-0.024673525,-0.24471283,0.09871598,-0.65626395,0.10477203,-0.056712277,0.102224894,-0.13990805,-0.043742407,0.45421544,0.6206134,-0.40944713,0.14129795,0.11814113,-0.30445668,0.12372843,0.18570875,0.3547504,-0.30040634,-0.10425812,-0.06093922,-0.021904238,0.33164877,-0.14133358,-0.026941711,0.35438362,-0.20092757,0.09290926,-0.056877803,0.49213842,-0.32464272,-0.23269911,-0.16720162,0.39360648,0.22723362,-0.038839083,0.35459104,0.4519363,0.35043108,0.05845462,-0.3990832,-0.22890948,-0.021864202,-0.27953464,0.16695388,-0.63633895,-0.35872874,-0.12193742,0.06886221,0.05563593,0.1930001,0.29795605,-0.4413202,-0.42481416,0.14803387,0.024015527,0.14598686,50.0
CATG,0.10144948,-0.08588982,0.07314877,-0.31959987,-0.16720949,0.29435876,-0.07557741,-0.20199396,-0.14514954,0.62025136,-0.0007459132,0.087055266,-0.20850505,-0.20088692,0.032182027,-0.044312086,-0.3657673,0.37645894,-0.18456145,0.020394672,0.03237723,0.21038628,-0.15532842,-0.13065976,0.8236326,-0.16859077,-0.0005030696,0.22764245,-0.2082035,-0.14832653,0.5626213,0.15193379,0.4132661,0.14382924,0.08963039,-0.10744595,0.69344836,-0.10425941,-0.099987626,-0.008002043,0.012931273,0.22533143,-0.4675903,0.06475674,0.03161171,0.21073548,-0.039771665,0.023326393,-0.08483618,-0.36738628,-0.1979075,0.37704372,-0.086489126,-0.26123124,0.28010494,0.40279895,0.34636673,-0.25651756,0.26173237,-0.63408965,-0.1926376,0.17002362,0.47915173,-0.15150091,50.0
ACGT,-0.2253459,0.03579772,0.2316796,-0.26774722,-0.35321766,-0.15804157,0.04288685,-0.0025941886,-0.31283364,0.15554634,0.06263515,0.023769163,0.29314673,-0.053264886,-0.14747545,0.1268049,0.057532236,0.58658373,-0.08877008,0.13064031,-0.32631373,-0.39034942,0.021333115,0.1474471,0.20534144,0.074860595,-0.2038507,-0.33443248,0.115264885,0.52610534,-0.24538974,0.033430234,0.015951108,-0.16417016,0.06966102,-0.30359045,0.40566534,-0.41077414,-0.28491834,-0.16462798,-0.50423074,0.40983433,-0.45819697,0.38196063,0.34521416,0.36095548,0.2280824,-0.3516058,-0.4514863,-0.17079236,-0.1065265,0.33085865,-0.07404976,-0.017966477,-0.18642703,0.045809515,-0.039544895,0.040732473,0.20007288,0.27679437,-0.37535375,0.38884196,-0.08995249,-0.083985254,50.0
ACCA,-0.1485944,-0.20027353,-0.07250202,-0.29592708,0.2388999,-0.04047021,-0.271182,-0.0880649,-0.24774112,0.36327013,-0.024815038,0.10595233,-0.15875703,-0.014788504,0.13130875,-0.083566874,-0.3326707,0.48625794,-0.19954436,0.021358334,-0.27591228,0.46117765,0.19766639,-0.36022657,-0.066567406,0.013668973,0.10508717,0.035532314,-0.24203937,0.38098875,-0.19708627,-0.003732135,0.12016484,0.31589943,-0.36646494,0.044406798,0.5921111,-0.028524654,0.09189725,0.22844774,-0.121726334,0.010436074,-0.059024166,-0.07112364,0.3121661,0.22917934,-0.14186953,-0.34622848,-0.7352622,-0.5312973,0.06073838,0.42174062,-0.1820469,-0.02887369,-0.3381981,0.14260475,-0.40452316,-0.37709093,0.097058274,-0.11886566,-0.07050957,0.4151436,0.2952222,-0.12170322,50.0
AAAG,-0.13097629,-0.28718656,0.37007132,-0.2149682,0.3476667,0.42845726,-0.11724611,-0.13876143,0.14791653,0.03411957,-0.49328908,-0.5872276,-0.07435001,0.07457643,-0.4962847,-0.050631993,0.1461389,0.07757804,-0.05565548,0.09307678,0.0689879,0.06851279,0.029110499,0.07348473,-0.047304712,0.09423419,0.31123778,-0.23231749,-0.25098935,0.5126259,-0.35337356,-0.0670819,-0.04298986,-0.053758677,-0.24866147,-0.47225147,0.47277004,-0.19002467,0.07317229,0.23721945,-0.046615105,0.40841487,0.36403555,-0.24472748,0.5578856,0.33577955,-0.06781605,-0.14595489,-0.096148275,-0.64910954,0.15186739,0.26433182,0.1298703,-0.25940576,-0.48956993,-0.17019999,-0.015537401,0.08176109,0.3149714,0.14077103,-0.0040387665,0.31306183,0.39087626,0.13774735,25.0
CTTC,0.055496946,-0.16371758,0.003140575,-0.6752627,-0.1006228,-0.11871086,0.20020835,0.6811264,-0.048016466,0.18800339,-0.2260993,0.40248227,0.49734238,0.020612698,-0.15754658,-0.082206525,-0.1430155,0.49692887,-0.070070595,0.5883428,0.59286344,0.0806026,-0.48306447,0.049025748,0.44029284,0.13892366,-0.01821343,-0.18929467,-0.3511258,-0.06061288,-0.298912,0.14244716,-0.03427745,0.10523556,-0.21966645,-0.020268584,0.36655504,0.35648534,-0.31043157,-0.13038827,-0.10411759,0.34640098,-0.01948304,-0.02317465,-0.042188644,-0.0035576392,-0.26521698,-0.117633395,-0.0986566,-0.4666407,0.21866965,-0.29633936,-0.09481687,-0.0771074,-0.09370441,-0.59814787,-0.05539935,-0.04742499,-0.07718932,-0.18982206,0.0609026,0.4702959,-0.20019783,-0.33311024,50.0
AGTG,0.31419075,-0.16935655,0.22412583,-0.10243193,0.07413586,0.013327039,-0.21215455,-0.2777667,0.06658307,0.28613815,-0.35912636,-0.06562982,-0.11714826,-0.17902443,-0.09800502,-0.23721638,0.18024744,0.11998814,-0.119257234,-0.021554211,0.011098783,0.0044755572,0.066126004,0.05839626,0.22426087,-0.28992528,-0.073387906,0.23148398,0.047690492,0.53697467,-0.3164831,-0.08602008,0.09956716,-0.033398353,0.25995183,-0.3791736,0.6740794,-0.5104032,-0.005446018,-0.10138071,0.02095107,-0.012520263,-0.28109562,0.14424394,0.7079487,0.4114617,0.15601788,-0.31529197,0.18664344,-0.3536249,-0.08278984,0.5356751,-0.13808058,-0.002617459,-0.41251272,0.25142848,0.11784153,-0.06374642,0.5209242,-0.39177647,0.16837986,0.0070188995,0.13881335,-0.27829844,50.0
TACG,-0.023466943,-0.07221418,0.19994597,-0.23872726,-0.0022728094,-0.15977108,0.024922756,0.038277917,-0.4184241,0.17563055,0.10262849,-0.15178376,0.16294377,-0.0059402785,-0.24771285,0.6338884,0.25260732,0.5598391,-0.20806731,0.20334129,-0.28513888,-0.09394076,-0.05086475,0.102680594,-0.004690703,-0.37674552,0.14689785,-0.20288606,-0.17456205,0.39780733,0.112724066,-0.082005,-0.2313899,0.059346646,0.23602737,-0.4327804,-0.06645375,-0.46167168,-0.33954567,-0.04398243,-0.24162151,0.122861646,-0.4564085,0.36425307,0.09903121,0.37995148,0.19579601,-0.6334687,-0.41406348,-0.4686064,0.20209138,-0.38496357,0.1481346,-0.13664837,-0.16765565,-0.07753452,-0.005375672,0.057725716,0.3108712,0.14056537,-0.37688875,0.45419815,-0.020823328,0.10422896,50.0
CCAT,0.11889609,-0.023888424,0.04749619,-0.09177911,0.10736724,-0.10211167,-0.1985874,0.20255151,-0.04651661,0.2775693,-0.014120959,0.3332965,-0.14117719,-0.30928165,0.017980028,0.06849775,-0.30171382,0.721179,-0.27136943,-0.08777458,0.035515014,0.4391288,-0.3846635,-0.5134235,0.29272515,-0.037963856,0.15088536,0.18228103,-0.093614236,0.0028553854,0.11273539,0.04780055,0.18335861,0.13978907,-0.13985609,0.27110335,0.7114987,-0.007040766,-0.44602743,0.24999392,0.09121514,0.15704015,-0.16172494,-0.008607703,0.22136913,0.09661424,0.045615114,0.013626951,-0.41707414,-0.4011912,-0.15093626,0.31112036,-0.011494454,0.014070639,0.18611065,0.4991456,-0.07723157,-0.40547308,0.031429794,-0.39891112,-0.3889831,0.4182479,0.3511947,-0.23019509,50.0
TCGT,-0.029411927,-0.0621007,0.046345938,-0.2971516,-0.6193694,0.032569427,0.03982274,0.3953869,0.00078364625,0.2691094,-0.24732944,0.05963412,0.2278724,-0.6147372,-0.30194637,0.027298033,0.1489982,0.5348531,-0.25018504,0.44587922,0.3249835,-0.30526587,-0.53093845,0.13369174,0.5276401,0.0669863,0.05168006,-0.4350026,0.014828901,0.4671116,-0.126676,-0.01926268,0.00061223033,0.08943936,0.06825022,-0.1347772,0.37033135,-0.28988382,-0.43971127,-0.23245959,-0.30351788,0.03464696,-0.11007641,0.41730765,0.21520185,0.3120086,0.37201747,-0.019330671,-0.15056781,-0.12010741,-0.25457442,0.31357345,0.18933435,-0.18149324,-0.19961384,0.015648298,0.4500831,0.14721468,0.08240945,0.20564878,-0.46176597,0.14505766,-0.3101701,0.07255953,50.0
GAAC,-0.14299433,-0.26804364,0.40432346,-0.6151445,0.03251409,0.4497719,-0.097371385,-0.09203961,-0.32382467,0.10236687,-0.31181043,-0.09544403,0.069631115,0.42816296,-0.1203862,-0.15030757,-0.26323736,0.20404841,0.14891861,0.31982064,-0.18879898,0.041651316,0.25510365,-0.06115718,0.22924313,-0.04194983,-0.18331172,-0.1793702,-0.16050941,0.36224082,-0.11723047,-0.043367736,-0.18522392,-0.16645193,-0.29928643,-0.5435656,-0.011947087,-0.25738755,-0.13301359,0.097057626,-0.16337536,0.35868832,0.026146635,0.17768571,0.33183178,0.12478327,0.23660886,-0.10594603,-0.28376266,-0.70797837,-0.13065359,0.20983954,-0.5886967,-0.056166608,-0.22437163,-0.31152895,0.059734233,-0.2922592,0.04058675,-0.29952073,-0.057469897,0.25578344,0.08467616,0.03240123,50.0
AGAG,0.37369323,-0.13550131,0.020773761,0.05941885,0.5596536,0.17628634,0.30311197,0.10393759,0.32127163,0.6110625,-0.511738,-0.32829475,0.16545755,-0.20012033,-0.20625833,-0.3534034,0.26393023,-0.018308645,0.04666921,-0.027770547,0.36595327,0.3089336,-0.16233513,0.061283294,0.21118344,0.012381169,-0.029588662,0.01623511,-0.22982253,0.30612418,-0.22377631,-0.4393856,-0.13400383,0.27438572,-0.13031077,-0.23484349,0.3052287,-0.3712493,0.120027915,0.13759428,0.1114397,0.15408438,0.17409688,0.16957623,0.43165717,0.44163638,-0.10165692,-0.44646204,-0.23828462,-0.6181081,0.4738459,0.33646852,-0.45600086,-0.07461003,-0.5235588,0.06527192,0.12617269,-0.034339696,0.1150108,-0.22024654,0.3220946,0.22959442,0.124546856,-0.29660714,50.0
GACA,-0.118774004,0.11129756,0.1870307,-0.4676081,0.10898388,0.1579662,-0.021706361,-0.15076984,-0.17427959,0.56662446,0.19333598,0.18853761,0.13259943,0.3209488,0.43271714,-0.023170933,-0.45545718,0.43769684,-0.094716325,-0.044175148,-0.19797215,0.33116847,0.2105036,-0.14011122,0.5303835,-0.18756707,0.05761097,0.10933958,-0.17869742,0.048393346,0.2479632,-0.093758754,0.15205878,0.08847624,-0.06287538,-0.19354717,0.3407269,-0.18980853,0.14344026,-0.06703737,-0.39644584,0.11331916,-0.025304032,0.20839146,0.5536795,0.12598605,0.020199265,-0.48584908,-0.5356705,-0.4254751,0.040035237,0.36805826,-0.58083767,-0.005211329,-0.12270965,-0.0101652965,-0.051799204,-0.18961146,0.28854042,-0.542923,-0.07458994,0.43595386,0.25757295,-0.22228329,50.0
GAAA,-0.15264939,-0.40745428,0.44873354,-0.6285164,0.05538664,0.6018572,0.105385266,-0.110251926,-0.00836114,-0.08569484,-0.5975474,-0.31917822,-0.08134959,0.020882096,-0.30935946,-0.04804591,0.008155751,0.04318174,0.12482416,0.37036046,0.046922065,0.14932153,0.30742168,0.055337496,-0.0433092,0.2969534,0.05457754,-0.33696797,-0.2207563,0.4682915,-0.34086463,-0.08871725,0.039935686,0.19689354,-0.24150723,-0.55801815,0.13617484,-0.23119466,0.061284386,0.088753276,-0.19750367,0.35507593,0.46399444,0.12079975,0.5426777,0.2036008,0.22222687,-0.22147416,-0.18665335,-0.60424745,-0.24811068,0.2805046,-0.21743128,-0.32268566,-0.3386581,-0.1487767,0.07257963,-0.27498105,0.17257284,-0.07491503,-0.25815603,0.30025634,0.084291644,0.089335255,25.0
GCAT,0.27027655,-0.06692733,0.41859204,-0.047311746,0.07140189,0.28726557,-0.07385787,0.46858686,-0.13614886,0.3500744,-0.32248917,0.41131854,0.032487057,-0.25291857,0.21665387,-0.018822854,-0.12714155,0.37241876,-0.3477776,-0.2885604,0.4843729,0.2897673,-0.3389178,-0.2594911,0.40460023,-0.33864868,-0.044716243,0.16268168,0.16695875,-0.04433104,0.58705014,0.062478065,0.548287,0.11383053,0.18549499,-0.03008558,0.54771173,0.066031635,-0.3654375,-0.06789485,-0.13260472,0.023119183,-0.2922851,0.30479658,0.06256162,0.04144169,-0.14336291,-0.038370773,-0.079555795,-0.5138614,0.015323307,0.37085342,0.29875734,-0.38583362,0.25455752,0.38478383,0.05208887,-0.3226254,0.41820422,-0.45882505,0.08656893,0.13877992,0.2628229,-0.004931276,50.0
TCTA,0.14391106,-0.088793255,-0.003430004,-0.085118465,-0.106414475,0.06460448,0.13124716,0.10653953,-0.17240568,0.026646355,0.2918766,-0.004335902,0.34305003,-0.67331225,-0.22468811,0.25357583,0.17489812,-0.057672698,0.035563905,0.33760646,0.05423401,0.18780924,-0.6116352,-0.009888751,0.13713622,0.09582953,0.041504353,-0.34921402,-0.41767037,0.27541414,-0.217442,0.13476476,-0.13671364,0.3710409,0.12859984,-0.24362168,0.12384102,-0.30051795,-0.3012067,0.0016319781,-0.38304484,0.5433204,-0.21527864,0.08048372,0.046040334,0.28468984,-0.35269672,-0.81454116,-0.30296957,-0.32205248,0.20176557,-0.37879717,0.3431033,-0.13183133,-0.288907,0.0061321654,-0.012091793,0.008675054,0.14654021,-0.019725846,-0.3884983,0.5209234,0.2541733,-0.38801816,25.0
GAAG,0.10257606,-0.2808954,0.26892254,-0.3859241,0.4425633,0.59058297,0.11001153,-0.08667941,0.31637892,0.21523778,-0.6321679,-0.31727043,0.11219476,-0.14030899,-0.13957292,-0.14597245,-0.04795233,0.064017415,0.033274945,0.12723176,0.25362435,-0.10367524,0.1552925,-0.024775283,0.16339849,-0.043522336,0.0096510565,-0.18861225,-0.26058248,0.20549598,-0.16473155,-0.07253537,-0.23818894,-0.07523432,-0.10323196,-0.4642293,0.1794941,-0.31776917,0.032397278,0.14992449,-0.18789375,0.28370526,0.32376078,0.09629651,0.5992534,0.48916122,0.07097491,-0.18723397,0.06738843,-0.74533725,0.14160204,0.12360507,-0.2151921,-0.17439629,-0.36890197,-0.36127728,0.19069351,-0.2029707,0.2987961,-0.11094602,0.34522918,0.14639463,0.039224353,0.15668918,50.0
TCCA,0.20361167,-0.06752974,0.017614624,-0.16524427,-0.13418627,0.22092009,-0.41169366,0.18598025,0.023575045,0.12628788,-0.12610543,0.010577266,0.07908956,-0.4568937,-0.013743092,-0.24190597,-0.26440144,0.4244319,-0.005112431,0.25190142,0.18086743,0.11037804,-0.31631267,-0.47079736,0.046836182,0.12947114,0.23113202,-0.20351747,-0.5053834,0.11680266,-0.30162773,-0.16366565,0.23580262,0.13782859,-0.25086856,0.2335644,0.8025005,0.0892152,-0.13203558,0.17209515,0.056086663,-0.010903208,0.10479632,-0.05399307,0.06930163,0.07566729,-0.23070292,-0.16681148,-0.2375528,-0.5544851,-0.36766014,0.4527875,0.20738518,-0.017371863,0.07617143,0.0038719098,0.1156686,-0.13973406,-0.18934064,-0.13357797,-0.05500206,0.3806421,0.16870147,-0.15235852,50.0
AAGT,0.050441258,-0.26402432,0.037380196,-0.23563959,0.08547029,0.085818656,-0.15571588,-0.13134384,0.047848813,0.069373816,-0.25010964,-0.0903503,0.040862396,-0.23979054,-0.34867877,0.0671221,0.59855175,-0.067999005,-0.22951856,0.14826424,0.09065729,0.061273657,-0.009068453,0.2516279,0.23866323,-0.0059506204,0.13851541,-0.25492862,-0.085791685,0.6536754,-0.47685334,-0.08076107,-0.054626957,0.04604923,-0.1470876,-0.17968859,0.47254232,-0.2551033,-0.1350334,0.25435692,0.022719707,0.29691386,0.3187964,-0.028433876,0.55827916,0.57630014,-0.14876518,-0.024099171,0.051936593,-0.44612923,-0.0037630668,0.5819414,-0.20059064,-0.18488854,-0.68702465,0.08622262,0.02232349,0.06448768,0.43217057,0.29735827,-0.2931742,0.1331824,0.4135595,-0.25553143,25.0
CGAG,0.19285318,-0.30150434,0.21140818,0.04514588,0.36575377,0.08358811,0.43226302,0.24969633,0.06978342,0.73695844,0.013176856,-0.35030207,0.095535524,0.03669368,-0.21468754,-0.07288429,0.10324414,0.6116419,0.1050033,0.030629363,0.08988309,0.08804827,0.145462,-0.12193896,0.16402857,-0.20426272,-0.18230653,-0.046260584,0.098306045,0.13554105,0.017911965,-0.22955799,-0.21147373,0.15493251,-0.014784772,-0.41404513,0.1325814,-0.28338677,-0.07220304,0.22938742,-0.23470998,-0.210144,0.19720677,0.340485,0.34915265,0.55532056,0.062080346,-0.35764137,-0.32937947,-0.5545893,0.58140934,0.08328909,-0.3918645,-0.14889789,-0.578813,-0.0040030736,0.2820186,-0.17868875,-0.015802635,-0.2595333,0.11502444,0.08374913,-0.11558807,0.21909006,75.0
GTTC,0.092777096,0.10267422,-0.21059746,-0.29886213,-0.26310918,-0.02059663,-0.18600743,0.43106288,-0.07281395,0.3401021,-0.33856168,0.075813785,0.15091756,-0.1030853,-0.31579524,-0.17557389,0.21289217,0.767203,-0.32945058,0.34793454,0.59648955,0.01902466,-0.3261127,0.19574255,0.27928975,0.0030555467,0.09633738,-0.33275014,-0.13027786,0.3088123,-0.3924146,-0.14402892,0.27441698,-0.1903438,0.047747135,-0.04716975,0.26581037,-0.14377601,-0.44520718,-0.10302035,-0.07333335,0.32209507,-0.12174713,0.2514411,0.18395923,0.35351202,0.09258384,-0.17931232,-0.18285203,-0.06322356,-0.15937893,0.14376253,-0.15288194,0.0073719625,-0.1963613,-0.47884065,0.19744569,0.4452529,-0.15939464,-0.10034642,-0.45763516,0.108549125,-0.14076115,-0.13644484,50.0
CTCT,0.19608636,-0.20956333,0.0565116,-0.07101003,-0.12923284,-0.17217538,0.28996488,0.23620921,-0.20068906,-0.057743456,-0.10626382,0.29620668,0.13451117,-0.43335503,-0.17109524,-0.14960136,-0.22320616,0.15361184,0.019000852,0.762628,0.25140494,0.13823557,-0.9810467,0.12255962,0.15667342,-0.13010699,-0.069742456,-0.22252294,-0.37424612,0.038999155,-0.31956464,0.21243364,-0.32814458,0.25428462,-0.023520216,-0.32248464,0.361748,-0.0946104,-0.3606109,-0.11501326,0.07519849,0.314078,-0.20260714,-0.15384768,-0.11855049,-0.020862805,-0.4152627,-0.50939494,0.0016538929,-0.5682878,0.14905033,-0.35298756,0.1676257,-0.053269524,-0.38868684,-0.25959322,-0.1292465,-0.0005983382,-0.08198906,-0.3811775,-0.17686482,0.49073386,0.088753,-0.3439389,50.0
TAGG,0.5347319,-0.29717612,0.16906698,-0.07292665,0.45694816,-0.0074709286,-0.010193988,-0.16508788,-0.46579984,0.10127201,-0.5172225,-0.39864445,0.3934204,0.15612197,-0.23619302,0.20434012,0.22857225,0.21401763,-0.12628831,-0.05178531,0.10994826,0.4753305,-0.29234394,0.049444623,-0.16329893,-0.11901839,-0.348429,-0.30972514,-0.39150593,0.292593,-0.24583666,-0.23218618,-0.10973248,0.0490674,0.121377185,0.001081,0.41668534,-0.32766017,-0.006515695,0.047405824,-0.15770037,-0.05575916,-0.22196653,0.09775095,0.3373023,0.3135052,0.060295723,-0.66765964,-0.26407817,-0.09051133,0.3916146,-0.21657601,-0.21873485,-0.14622948,0.25966966,0.065145284,-0.18279798,0.09386035,0.33942804,-0.29187384,-0.18644103,0.056844365,0.26289093,0.022566235,50.0
CTCC,0.21694891,-0.1252055,0.13878357,-0.13232848,0.10957811,-0.057901543,0.16153729,0.19559625,-0.032494143,-0.055385165,-0.12656182,0.16521169,0.027325988,-0.45157796,-0.14132476,-0.420969,-0.43431437,0.34786853,-0.10192964,0.6157365,0.41666967,0.13234912,-0.87458104,-0.36124325,-0.08172322,-0.17813596,0.01660007,-0.07646783,-0.25456968,-0.074358806,-0.24753314,0.053096812,-0.12111264,0.1954329,-0.09249164,-0.21184321,0.48171657,0.024890998,-0.28005916,0.123146,-0.053359896,-0.012674743,-0.13597389,-0.29734227,-0.2127645,0.21327856,-0.40566403,-0.30367368,-0.41751578,-0.5688205,0.09806207,0.12006523,0.09443836,0.24591172,-0.6091411,-0.16552562,-0.010294944,-0.2983391,-0.54177,-0.26138368,-0.16639842,0.5179704,0.136978,-0.16018394,75.0
CAAA,-0.29845688,-0.12288178,0.33458093,-0.4988057,-0.05586986,0.43701854,-0.0081747435,-0.13030204,-0.02554989,-0.15394266,-0.11546002,-0.20598334,0.048285585,0.2164954,-0.123356104,-0.16724566,-0.16795488,0.24730247,-0.1874494,0.2413467,0.30059364,0.27502662,-0.046029866,-0.103317946,0.037329964,0.12442014,0.2256991,-0.1293312,-0.19501482,0.4604853,-0.16692317,0.07579496,0.33542994,0.22415589,-0.26589748,-0.21638286,0.50044596,0.13477105,-0.022799063,0.34304506,-0.28112906,0.35033762,0.109344155,-0.1006291,0.43823156,0.17695896,-0.10272431,0.09154842,-0.1102092,-0.7142298,-0.010873875,0.64286804,0.31043184,-0.28382182,-0.2894944,-0.10037937,-0.22221364,-0.08255633,-0.03195555,0.28750044,-0.2985623,0.63155156,0.3540033,-0.08139276,25.0
GAGT,0.3301165,-0.15963595,0.10481383,-0.027870853,0.23676027,0.047735617,0.080582485,0.05061666,0.12817423,0.59191024,-0.32988697,-0.16275993,-0.062181562,-0.25363252,-0.24507295,0.046201073,0.4465748,0.14026684,-0.07686933,0.13351904,0.14148775,-0.075801015,-0.06746864,0.14331178,0.46168363,0.06653183,-0.13641806,-0.06643504,-0.09684949,0.46328747,-0.24255255,-0.264203,-0.23673403,0.15142995,0.22736146,-0.10887558,0.21315174,-0.51008296,-0.0020269137,-0.14428477,0.08890747,0.14795636,0.2699186,0.24596076,0.44018432,0.3710922,0.1713227,-0.44550163,-0.017527573,-0.40950635,0.23571812,0.28306505,-0.5165263,-0.08641166,-0.58719563,0.090639085,0.23638524,0.111407,0.23396714,-0.18170103,0.03192606,0.22277713,0.07610278,-0.22198461,50.0
CAAC,-0.35585487,-0.08967678,0.31363454,-0.43449485,-0.14425209,0.112621054,-0.19274117,0.055308726,-0.261316,0.02288672,0.06616163,0.08597741,0.12646888,0.54012245,-0.07737503,-0.2990535,-0.3370075,0.3664937,-0.1322246,0.3751375,0.076303616,0.17041677,-0.13155188,-0.19256696,0.31974897,-0.19958685,-0.006680922,0.03063686,-0.099554665,0.41950408,-0.04924474,0.077257566,0.0018299293,-0.044558574,-0.33510688,-0.2465096,0.3711131,0.09354792,-0.16313225,0.31743822,-0.118000306,0.3771757,-0.2865638,-0.05292147,0.036186107,0.1272714,-0.07602348,0.2555733,-0.275616,-0.88591415,0.1315183,0.53973514,0.012408626,-0.023390952,-0.3017315,-0.26406193,-0.2280117,-0.13031957,-0.19441088,0.16522263,-0.12507525,0.6438507,0.30903658,-0.12282963,50.0
AGTA,0.18171933,-0.12574518,0.1772726,-0.06407111,0.07396861,-0.08313049,-0.053609632,-0.1823915,-0.06315208,0.2067991,-0.20289831,-0.014076054,0.13988747,-0.22334772,-0.3002968,0.20111844,0.25162715,0.086546116,-0.119067006,-0.103938445,-0.13837576,0.13454042,0.1155826,0.20792231,0.055927355,-0.29652116,0.15685391,-0.12415804,-0.2342384,0.5532563,-0.21433571,-0.43034062,-0.14882427,-0.03785319,0.15578488,-0.4952438,0.40434602,-0.41882363,-0.078655854,0.3090488,0.0023105764,0.10588038,-0.37713116,-0.024424775,0.71174216,0.66047657,-0.08543275,-0.5943954,-0.3618373,-0.22588572,0.33653057,0.23696737,0.01548522,-0.16656728,-0.30143654,0.31775096,-0.04007026,0.24383792,0.55133045,0.28951964,-0.049459122,0.10838581,0.50586873,-0.5195618,25.0
GGTT,0.43618718,-0.049109202,-0.034988757,-0.421532,-0.031143235,0.10172066,-0.5189236,-0.020396858,-0.14781949,0.23966585,-0.5268065,-0.058008216,0.28869617,0.097873785,-0.3279852,-0.022232987,0.35267395,0.43407446,-0.11123558,0.44258088,0.5455674,-0.25286344,0.13178174,0.017719928,0.24268612,-0.21218587,0.2409124,-0.4479862,-0.362704,0.15048534,-0.31386867,-0.046322994,0.11914699,-0.42385086,-0.088645324,0.23372632,0.48616955,0.0032297233,-0.42998996,0.044055946,-0.017132094,-0.07344548,-0.11150461,0.148763,0.36172312,0.25750104,0.1268675,-0.35958472,-0.28694138,-0.16811632,-0.22217463,-0.109920554,-0.20824863,-0.24717283,-0.04362944,-0.439996,0.30396348,0.49933854,0.117396004,-0.25232622,-0.34379444,0.045164388,-0.09770121,0.15834409,50.0
GTGA,-0.13443004,-0.010532285,0.29743764,-0.47055268,-0.20226316,0.22472028,-0.045282822,-0.33441627,-0.03393561,0.59064704,-0.19226563,-0.16054945,-0.07465756,-0.1434984,-0.36374933,-0.07885714,-0.15907682,0.34209007,-0.15531641,0.055580888,-0.3226676,-0.19315901,0.06134663,0.09543795,0.6817673,0.09362725,-0.10998798,0.040025696,-0.06503326,0.27698347,-0.058928546,-0.022627834,-0.028787553,-0.024344534,0.19029951,-0.44003263,0.4675073,-0.46578726,0.015738785,-0.26870674,-0.20556854,0.23383597,0.19901857,0.21771105,0.5742748,0.4557362,0.43736157,-0.16618292,-0.095094875,-0.29072174,-0.24945208,0.35962474,-0.39312974,-0.101915605,-0.3380918,0.16959667,0.30334193,-0.059066456,0.33528692,-0.4324961,0.02628151,-0.06498826,0.08299774,-0.038956255,50.0
CTAT,0.42359924,-0.4235807,0.31571466,-0.24175572,-0.36800942,-0.17954662,0.15049791,0.24247354,-0.28843656,-0.16393161,-0.20672126,0.030780131,0.34625998,-0.67308927,-0.11751285,0.2396124,-0.12636325,0.15364708,-0.016085733,0.21723363,0.046738762,0.13579124,-0.47676867,-0.13033584,0.07953492,-0.1655891,0.03065446,-0.4676165,-0.26973495,-0.097842254,0.10074801,0.41481555,0.030414803,0.34528863,-0.20626406,-0.2366739,0.27948844,-0.12480412,-0.291303,-0.09638172,-0.09494576,0.3863936,-0.11771216,-0.19757032,-0.14885521,0.032797482,-0.2120315,-0.56728095,-0.07438329,-0.36291933,-0.007808931,-0.32428762,-0.08798357,-0.049238868,0.009581261,0.5251434,0.022954917,-0.36658818,0.62142444,-0.053002335,-0.34362337,0.0981506,0.24539626,-0.2168683,25.0
CTGA,-0.06997818,-0.39427662,0.25290126,-0.4470573,-0.08108263,0.023049023,0.2597189,-0.11444666,-0.056275126,0.29947853,-0.12819685,0.18466051,-0.034152664,-0.030596789,-0.14902925,-0.12610154,-0.2908021,0.07957441,0.112952136,0.35080495,0.07216141,-0.08683129,0.029480834,0.18162803,0.33828428,-0.081620984,-0.30389956,0.12850022,-0.3570539,-2.4709501e-05,0.14745286,0.26388028,0.035533726,0.31730494,-0.19601014,-0.49776196,0.22958472,-0.11365059,0.018243654,-0.21448109,0.069365226,0.49972516,0.14352565,0.00990657,0.2359824,0.048725944,-0.14965798,-0.48179242,-0.18750884,-0.3876668,0.023273611,0.03838242,-0.39367387,0.11754128,-0.43740278,-0.0093312645,0.1012304,-0.36189505,0.3476454,-0.76698273,0.25005263,0.2307929,0.27884626,0.015212546,50.0
AGGG,0.45611897,-0.44445205,0.17231464,0.02422146,0.5616534,0.3338693,0.043725125,-0.2709513,-0.19335803,0.12952903,-0.26086196,-0.32530382,0.17627458,0.30435655,-0.41383147,-0.12400825,0.22644173,0.1615634,0.16442168,0.17077918,0.42010364,0.23385203,-0.068677776,0.008713165,0.023157587,-0.08763139,0.02617254,-0.21576901,-0.5486381,0.11642738,-0.27539936,-0.37466767,0.08994612,-0.09435455,-0.010444478,-0.032200947,0.27001646,-0.016410476,-0.0056727505,0.41439942,0.035984088,-0.14679945,-0.1616944,0.10656807,0.23298915,0.29253808,0.011791619,-0.6350051,-0.1900822,-0.5392301,0.051376786,0.15155968,-0.046583574,-0.044167563,-0.010021156,-0.09446343,0.20777048,0.250632,-0.03125226,-0.59046024,0.10787594,0.29952523,0.6657036,0.16885552,75.0
TCTT,0.31399536,0.061488234,0.051685598,-0.37075678,-0.25548178,-0.31497785,0.120974995,0.22864084,0.057093322,0.06371131,-0.06280634,0.39620513,0.323932,-0.22344401,0.0022376347,-0.07236477,0.29358616,-0.21084425,-0.13723554,0.49146178,0.56295353,0.09319477,-0.44358507,0.112458654,0.29587746,0.12299618,0.2349523,-0.41345215,-0.51814276,0.11465981,-0.34259087,0.056340527,0.09216459,0.03457062,0.14401913,-0.008567074,0.43249026,-0.027100204,-0.51839745,-0.33553857,0.0726164,0.44675976,0.13036422,0.058506712,-0.12679285,0.19606264,-0.41714376,-0.50911397,-0.34407303,-0.24530917,-0.09526269,-0.031377934,0.11310747,-0.4483977,-0.29466763,-0.21387134,0.32912076,-0.118176155,0.11559464,-0.38117424,-0.2236057,0.5940327,0.03878874,-0.61151433,25.0
AGAC,0.019963104,-0.10514842,0.18084003,-0.5099108,0.34406942,0.13956024,0.08471516,0.027715659,0.033761304,0.4774125,-0.33063474,0.015025695,0.20108536,-0.09952551,0.16299312,-0.13064523,-0.22716857,-0.00387854,0.1870565,0.16950239,0.03146843,0.17225428,-0.009637866,-0.026839694,0.25075474,0.06437626,-0.014528421,0.15594378,-0.12865204,0.050699767,0.03214073,0.06771696,-0.24405633,0.23463932,-0.17364398,-0.2697005,0.12739745,-0.16883774,0.26387897,0.031498082,-0.017780568,0.1947636,0.075487085,0.19545531,0.44853583,0.26194474,-0.06408344,-0.5945372,-0.52045697,-0.5881147,0.39356896,0.17402926,-0.5155031,0.04034513,-0.28184438,-0.0030970948,-0.2152602,-0.33749,0.23378904,-0.26242462,0.22631608,0.43936193,0.053037934,-0.33008462,50.0
ACGA,-0.0175874,0.012366813,0.51790315,-0.4406997,0.13477261,0.2426139,0.3936618,-0.20362964,-0.18714888,0.502482,0.046828516,-0.10688025,0.35042492,0.14772534,-0.018195417,0.29900518,-0.118753664,0.53823656,0.33542576,0.11242028,-0.14689498,0.18886667,0.17438345,-0.034940705,-0.102143794,0.07156405,-0.16988254,-0.09137791,0.16389434,0.19056179,0.05958049,-0.09379859,-0.1468555,0.067742735,-0.28024134,-0.60836065,0.06718809,-0.2351478,-0.053142622,0.20003717,-0.42835546,-0.028444193,-0.016485402,0.38947907,0.24854478,0.124038376,0.39569455,-0.5475691,-0.7247,-0.72710836,0.12840769,0.20144196,-0.23647302,0.00981078,-0.011272742,-0.15663368,0.0135748265,-0.28838897,0.101175,-0.17915808,-0.11141183,0.2509893,0.08674875,0.078455485,50.0
AAGC,0.12674153,-0.26200762,0.28487423,-0.23630524,0.19942312,0.43470773,0.1451004,-0.063513145,-0.09405423,0.32047036,-0.3429337,-0.17536925,0.39363232,-0.16838853,-0.10734475,-0.1448962,0.0054321596,-0.16308883,-0.040098406,0.29039142,0.48396128,0.32410082,-0.00301934,0.04964462,-0.08027008,-0.32132936,-0.03611765,-0.04728338,0.11610812,0.31156734,0.03870378,0.1011307,0.18433057,0.052255593,-0.19847986,-0.38223082,0.41970423,0.049751878,0.19087425,0.46329355,-0.16217452,0.14519398,0.24882384,-0.33135894,0.5310648,0.45179936,-0.44688413,-0.04028066,-0.02575116,-0.72545546,0.4844259,0.37656128,0.100480594,-0.2855419,-0.2178192,-0.22021239,0.11370639,-0.256532,0.21611029,0.3745253,-0.08797046,0.02049476,0.5737039,0.19838163,50.0
GTAC,-0.084602125,-0.39887366,-0.024707539,-0.24707127,-0.2137357,-0.06320511,-0.1481396,-0.23602234,-0.5240077,0.26327103,0.08343903,-0.01842671,-0.022398002,0.29719833,-0.1831741,0.17200994,0.30510122,0.56956923,0.08595864,0.060535397,-0.6245088,0.051334035,-0.11869387,0.28672403,0.06035195,-0.11897902,-0.0995682,-0.15197547,-0.057356566,0.37728873,-0.1493397,-0.035750583,-0.22246641,0.15513562,0.13218449,-0.20292504,0.5683438,-0.39410415,-0.19781297,0.04906099,-0.21323837,0.1077597,-0.49492103,0.25059918,0.042004608,0.5266804,-0.10279614,-0.4812711,-0.36312303,-0.15451917,0.41892752,0.036016993,-0.08599082,0.049052548,-0.29184732,0.03940497,-0.19914652,0.39323243,0.41376752,-0.2534715,-0.17144398,0.19370325,0.34030047,-0.1786839,50.0
GTAT,0.54919106,-0.3909704,0.16432759,-0.018034818,-0.19831502,0.13045542,-0.069126286,-0.08129708,-0.36743602,-0.031061627,-0.2364888,-0.30370864,0.11251069,-0.48158982,-0.35342687,0.50249296,0.43579844,0.39888877,-0.14285216,-0.14745553,-0.06227358,-0.04476118,-0.37446278,0.19956417,0.098240376,-0.05130027,-0.1167102,-0.4679322,-0.3056161,0.17142908,-0.016366828,-0.03337429,0.102206685,0.21935488,0.2616148,-0.2558197,0.3132754,-0.31319886,-0.32159463,-0.11087195,-0.09547878,0.253848,-0.17769633,0.07996047,0.09718809,0.43778157,0.099314205,-0.42420077,-0.17201929,-0.10016404,0.04804266,0.054916598,0.04124392,-0.11359393,0.0626368,0.36223304,0.10375405,0.274055,0.79901934,0.0943722,-0.28396714,0.1116017,0.36179012,-0.1632856,25.0
CTTG,0.09260296,-0.33654156,0.11489794,-0.45608687,-0.16653451,-0.38785917,0.08269198,0.07813957,-0.2279821,-0.09867022,-0.59080434,0.24300976,0.17038679,0.08165875,-0.17187259,-0.060511503,0.054891195,0.33586004,-0.21382622,0.49894294,0.061958365,-0.33686164,-0.3713724,-0.03209113,0.59896183,-0.058677554,-0.21706085,0.042883318,-0.36626342,-0.017737113,-0.23244977,0.19867893,-0.00491641,0.031256597,0.03947554,-0.010340711,0.58633006,0.025450699,-0.034851395,-0.20609461,0.33356598,0.13745396,0.09824194,-0.030661425,0.0911809,-0.041547358,-0.15828401,-0.2553027,-0.05273712,-0.2515598,-0.04167798,-0.19503218,-0.5198774,-0.2592637,-0.07637504,0.11947015,-0.013422606,-0.29006097,0.18174866,-0.5734647,0.021274494,0.39220694,-0.10686224,0.016871406,50.0
AGAA,0.06638152,-0.19512697,0.15827623,-0.36042133,0.3438629,0.52829003,0.23689958,-0.09550405,0.035081737,0.13535245,-0.60550535,-0.5215363,0.25565487,-0.041697,-0.098641224,-0.21062836,-0.11846664,-0.30052224,0.026463645,-0.07244524,0.40343034,0.4682612,-0.14320697,0.03376399,0.32250497,0.37991977,0.062189948,-0.20485872,-0.12944798,0.33681613,-0.15479153,-0.1943441,-0.06798406,0.1622873,-0.36993912,-0.48210877,0.34632564,-0.0117981825,0.1405622,0.19269598,-0.2825304,0.3241451,0.32186824,0.12270517,0.5681591,0.25508785,0.068651,-0.24634542,-0.20642668,-0.7471897,0.31587863,0.5122226,-0.15634853,-0.030224545,-0.2815755,0.13755508,0.011747773,-0.2460532,0.33509198,-0.15534046,0.11229498,0.22375268,0.2970037,-0.24032477,25.0
AGTC,0.2538952,0.050967246,-0.015650356,-0.05708136,-0.05208352,0.11390781,0.002734788,0.07997417,0.2895579,0.34544942,-0.26991856,-0.041863043,0.25171345,-0.6785317,-0.14370045,-0.3193875,0.09046574,0.11422598,-0.0047050496,-0.012674335,0.26236078,0.116231136,-0.47211945,-0.013669675,0.30150798,-0.13396782,0.13092919,-0.10133084,0.06741117,0.6218143,-0.5162253,-0.22332166,-0.24180886,0.21226951,0.115982145,-0.16263679,0.4238849,-0.4502464,-0.07235438,0.11522583,-0.011757735,0.152722,-0.27370262,0.03854317,0.37723696,0.4293926,0.011580484,-0.35777512,0.040148824,-0.46749792,0.23990488,0.57382506,0.14430737,0.28603542,-0.6259077,0.32947496,0.18646087,0.1586284,0.1204553,0.16822666,0.08013929,0.3908666,0.022255458,-0.44659883,50.0
GTCT,0.3122203,-0.023561813,-0.15241228,-0.17854187,-0.15769643,-0.27736133,-0.06119376,0.04610942,0.006144309,0.31949717,-0.08745966,0.04826314,-0.0009279398,-0.3497838,-0.25585058,-0.107333586,-0.112753704,0.1992375,-0.072671294,0.4498458,0.15430059,0.062894225,-0.7888832,0.39919373,0.3906977,-0.0032985182,-0.12717244,-0.20740561,-0.22716886,0.3028942,-0.49887392,-0.10377362,-0.39719647,0.06389658,0.13401939,-0.29448003,0.35110596,-0.27879474,-0.31277147,-0.14713563,-0.12519982,0.34264255,-0.26643717,0.087592684,0.18677202,0.22966766,-0.065583415,-0.5281239,0.25303403,-0.3197264,0.039449703,0.014607136,0.21223693,0.025348883,-0.30949035,0.10724653,0.09678111,0.25483558,0.12581454,-0.13920152,-0.22713025,0.3833121,-0.070895955,-0.43098792,50.0
TTCG,0.21985863,0.13886413,0.16231741,-0.43798053,-0.24592233,0.04346401,0.17805998,0.6050598,0.13300812,0.32476184,-0.42580265,0.28884503,0.42524058,-0.18561527,-0.2008622,0.04916429,0.24244496,0.6170974,-0.08509283,0.41871288,0.5079214,-0.35294688,-0.096867636,0.009587909,0.39760405,-0.020722182,0.25777516,-0.3138551,0.15457599,-0.0037752297,-0.14924675,0.21766444,0.04475706,-0.18101358,0.04247966,0.11480886,0.28832328,0.08672673,-0.6502597,0.033850398,-0.30218986,0.15303142,0.18310247,0.36115724,0.21313383,0.20980644,0.089274906,-0.11003689,-0.35015804,-0.27118108,0.103480734,-0.07972684,-0.026562287,-0.6118677,-0.07260702,-0.57642335,0.24402288,0.2254029,0.0023743878,-0.04083037,-0.3671661,0.23418638,-0.17630896,0.1250182,50.0
CCAC,0.05561952,-0.1340274,0.24449863,-0.44249192,0.19826259,-0.1652303,-0.19657902,-0.033737913,-0.25338668,0.18719767,0.3072848,0.10261383,-0.08363167,0.074115805,0.03701996,-0.2554529,-0.46471974,0.7651746,-0.2870402,0.21092397,-0.11624067,0.29751915,-0.213853,-0.46218947,-0.01734902,-0.31481093,-0.0465473,0.32477158,-0.11570379,0.002935807,-0.063342586,0.055453826,-0.010445482,0.108180776,-0.08251581,0.012783004,0.5365038,-0.088050276,-0.12541647,0.33389178,-0.16261622,0.12531762,-0.26611862,0.05597571,0.18060893,-0.09751382,-0.25795153,-0.19738765,-0.45039856,-0.63105565,0.15246628,0.31543708,-0.039620064,0.11024829,-0.26743802,-0.1102379,-0.25469026,-0.2891112,-0.29412606,-0.23541267,-0.13316242,0.61931753,0.1013749,0.044545837,75.0
ATAC,-0.12992755,-0.14089137,0.22805099,-0.21133469,-0.08383073,0.06803318,-0.13831489,0.1108672,-0.24146143,0.15429708,0.24328317,0.040590137,0.18926877,-0.24210426,0.029191226,0.52317834,-0.3278196,0.61423296,0.081361294,-0.15803818,-0.43951395,0.56046706,-0.16103332,-0.20903838,-0.14566714,-0.15163864,-0.10506868,-0.35173693,-0.007990331,0.07982426,0.2963411,0.19023623,-0.047506765,0.20245734,-0.29966363,-0.110968724,0.4518251,-0.38486484,-0.5006356,0.17961158,-0.3798279,0.20552616,-0.42758957,0.2191478,0.18314084,0.440936,0.0045040343,-0.42856118,-0.4076854,-0.37489533,0.25577107,-0.130034,0.27959386,-0.29621935,0.040497538,0.4986088,-0.17668551,-0.20949614,0.17148773,-0.13162422,-0.37187973,0.13856417,0.2944384,-0.0015772013,25.0
AATG,0.026499163,-0.19671369,0.39167082,-0.36009333,-0.46649566,0.53600955,-0.022719733,-0.39297798,-0.27008298,-0.09006068,-0.4771985,-0.39816853,0.021493085,-0.060829572,-0.30130577,0.052630004,-0.028140519,-0.10621913,-0.058293324,0.2218558,0.18214168,0.14971548,0.110418566,-0.037652645,0.32123983,0.095111735,-0.04351483,-0.35352495,-0.22166549,0.23841043,0.32461518,0.4000726,0.3913768,-0.00808942,-0.10152521,-0.32647547,0.43724397,0.0456074,-0.2009357,0.20004693,0.050319444,0.4454964,-0.17089337,0.07302587,0.34015882,0.07577596,-0.021866335,-0.12329555,0.10420453,-0.5137794,-0.26167458,0.39685592,0.15825461,-0.27201208,0.12945765,0.22154233,0.16723,0.023581894,0.45245993,-0.37571296,-0.5534409,-0.018759567,0.5739838,0.0990601,25.0
AAAT,-0.14637816,-0.1351092,0.37273985,-0.58774537,-0.37982097,0.50582683,-0.07449809,0.14325172,-0.100163355,-0.21689169,-0.36871427,-0.36785364,-0.022261042,-0.17394285,-0.4958728,0.26326963,-0.04882759,-0.065765955,-0.07875632,0.05358575,0.17651393,0.33371478,-0.16085586,-0.035704337,-0.025637863,0.13561851,0.36295345,-0.44865647,-0.12215959,0.48483914,0.04653761,0.05670855,0.23848075,0.20206796,-0.5048763,-0.42859086,0.55321145,0.1473713,-0.3284224,0.116879806,-0.29887524,0.51435995,0.2878561,-0.17499211,0.34192497,0.012127745,0.2746538,-0.16858499,-0.30674633,-0.6705312,-0.3837504,0.16382068,0.25368637,-0.44007736,0.21520384,0.15852521,-0.018554123,-0.061785445,0.21429284,0.020028526,-0.46777275,0.25263268,0.21685351,-0.008496313,0.0
TACA,-0.16342066,-0.042578068,0.29049796,-0.41964582,-0.11808416,0.044854287,-0.06105855,-0.12125236,-0.37016866,0.054485086,0.3639507,0.1749989,0.30484766,-0.043813102,0.19809473,0.37475723,-0.17776458,0.31438294,-0.29435414,-0.009790178,-0.24367234,0.39564255,-0.08875389,-0.18555531,0.20542939,-0.5591264,0.2342492,-0.045600884,-0.26177612,0.33542225,0.20979574,0.1437715,-0.06281251,0.15247266,-0.04780439,-0.16835578,0.34750918,-0.27220926,-0.19885759,0.111210495,-0.3103148,0.28427637,-0.40489757,0.074631624,0.46865946,0.15650265,-0.34113014,-0.48250756,-0.30142826,-0.4866743,0.16385637,0.010080844,0.19531235,-0.096089065,0.10594975,0.16819385,-0.360149,0.074960575,0.4747989,0.19585373,-0.09456619,0.56124884,0.46364892,-0.31394374,25.0
ATCT,0.2598612,-0.08384375,0.07007134,-0.19025007,-0.054662295,0.2059111,0.1328385,0.30745435,-0.02317464,0.23398995,0.034276754,0.13413534,0.019012349,-0.7232602,0.07154162,0.12061672,-0.41673934,-0.0428293,0.044933584,0.33202553,0.4217685,0.34342775,-0.7270577,-0.043046955,0.26010823,0.07763386,-0.075218864,-0.36638367,-0.38554642,0.25008026,0.059927743,0.023599884,-0.026896706,0.3079319,-0.11291369,-0.37047732,0.42829636,0.0141261695,-0.500176,-0.2588724,-0.049806207,0.3055324,-0.0797727,-0.01397652,-0.13901646,-0.06935378,-0.14517033,-0.5081494,-0.06371891,-0.46134922,0.0022981642,-0.085402705,0.29442888,-0.31611675,0.16772789,0.30205357,-0.024145788,-0.10847431,0.110404186,-0.24052536,-0.09249507,0.47535133,0.049558397,-0.4243837,25.0
CTCA,-0.12796196,0.040229294,0.058865122,-0.18603861,0.049049478,0.07505944,0.2880803,0.25932035,-0.062416174,0.17110261,-0.012108834,0.3227137,0.33698404,-0.24473837,-0.026014827,-0.495175,-0.43436173,0.09419806,-0.0036207694,0.2447234,0.45331606,0.20618145,-0.7362729,-0.024815418,0.2211572,-0.046439674,-0.021775767,-0.09650341,-0.23890857,0.040361248,-0.013117977,-0.0952657,0.1220051,0.23132344,-0.29134378,-0.20675984,0.525684,0.21619512,-0.054857075,-0.01134733,-0.28006753,0.4290572,-0.23151793,-0.11988038,0.08406908,0.087720364,-0.41397798,-0.29143777,-0.26106894,-0.7641062,0.21815924,0.30306643,0.36414438,-0.060600124,-0.41925928,-0.22487564,-0.11668265,0.24471551,-0.22847241,-0.109648556,0.12024167,0.59998804,0.116197094,-0.44980744,50.0
TTGC,0.3419035,-0.101582445,0.43504626,-0.33190426,-0.14147557,-0.2729183,-0.25530753,0.38481006,-0.23482566,0.23817159,-0.4581707,0.36536756,-0.11206134,-0.0957912,-0.23514025,0.020302955,0.09963217,0.6652422,-0.14459315,0.34842956,0.35109898,-0.22012195,0.30506623,0.15949392,0.1612957,-0.3158627,-0.00017730985,0.043657213,0.18165146,-0.08767998,0.11543618,0.19884387,0.38710615,-0.056340225,-0.14212091,-0.013490449,0.8521914,0.109431565,-0.35120255,-0.1933268,0.16068234,0.07930834,-0.097065896,0.19947086,0.10830353,0.007088529,-0.17945299,-0.08589798,-0.019948177,-0.008067112,-0.010789366,0.117139325,-0.35857394,-0.5360722,-0.21651831,-0.0047765607,-0.13268028,-0.40693465,0.4544504,-0.20816831,-0.12727003,0.047306124,-0.06952391,0.07035355,50.0
TGAC,-0.07278,-0.22595726,0.18511894,-0.53682333,-0.28687307,-0.11960776,-0.20763987,-0.15127268,-0.03668448,0.41759157,-0.023849776,0.27991498,-0.1856613,-0.0074695065,0.23570888,0.005129867,-0.1986754,0.43806854,0.22676218,0.38406828,-0.26949078,-0.24755378,0.064860575,-0.15381089,0.7079732,-0.047757104,-0.16675301,0.1980137,-0.050074905,0.1385775,0.2764204,0.39745942,-0.05828508,0.15038525,-0.027567834,-0.40121987,0.5353622,-0.24526645,0.05707513,-0.120455965,0.001016689,0.40115932,-0.20429114,0.3615729,0.30832377,0.09052513,0.24261536,-0.21808363,-0.5161721,-0.3033185,-0.10553982,0.3853049,-0.70914316,0.044056877,-0.09415117,0.20444158,0.031443655,-0.31863633,0.38121527,-0.5035522,-0.058612693,0.30755785,-0.118628226,-0.20559512,50.0
TGCT,0.29424015,-0.24803403,0.27519828,-0.34115332,-0.5769033,-0.06346046,0.28262138,0.061026204,-0.32460973,-0.016165812,-0.34657124,0.22970131,0.043844752,-0.24098986,-0.061778013,-0.11201875,-0.06891716,0.1779513,-0.10391826,0.53841716,0.2559777,-0.26167202,-0.37483633,0.019476736,0.38936505,-0.31934467,-0.26257598,-0.1287332,-0.15141031,-0.04546563,0.2836688,0.4341657,0.17464688,0.13127871,0.12617375,-0.19844007,0.33670235,0.15338434,-0.18141505,-0.21954758,0.047039814,0.35234213,-0.10036021,-0.24069953,0.07609722,-0.09546328,-0.30232865,-0.45345977,0.13781255,-0.40489554,0.13556086,-0.22923142,-0.19757563,-0.3171212,-0.07248797,-0.03210813,0.31607676,-0.31168538,0.6598323,-0.6262334,-0.08463321,-0.055738267,0.07958838,-0.01886362,50.0
TAGC,0.40358427,-0.41609627,0.20177181,0.12929563,0.1316661,-0.02925465,0.13339454,0.20798068,-0.22986056,0.5804671,-0.3223685,0.09100679,0.29723832,-0.2239675,-0.17723928,0.09031912,0.24997702,0.06734987,-0.28184554,-0.02186775,0.13658614,0.38283572,-0.4089135,0.20552318,-0.0060965056,-0.44941333,-0.3076614,-0.10467467,0.054799713,0.11384561,-0.022699231,-0.028885454,0.07429613,0.0747725,0.26010633,-0.16184554,0.41554824,-0.31825465,0.03402038,0.1871878,-0.12914145,-0.02376021,-0.24216165,-0.24012485,0.2772694,0.44610927,-0.3611042,-0.39226907,-0.148892,-0.228621,0.82027334,-0.09720546,0.21346688,-0.27052978,-0.024132641,-0.046498436,0.034265142,0.0024376246,0.4426225,0.17866512,-0.11391325,0.053213753,0.34896237,0.09094428,50.0
AACT,-0.27168328,-0.20999068,0.1556423,-0.71491563,-0.35688108,0.027337894,0.1248653,0.07297071,-0.36009735,-0.30864248,-0.3644988,-0.033959642,0.20919578,0.2835804,-0.06593588,-0.07176097,-0.09697769,-0.18956871,0.11825052,0.36130053,-0.021626761,0.10904139,-0.12913455,0.18793543,0.15312973,-0.055724286,-0.20310472,-0.41544706,-0.18190053,0.19830692,-0.4375812,0.19340564,-0.24577309,0.048128065,-0.49516976,-0.4447873,0.32528126,0.13480198,0.11697862,0.22295871,-0.19595301,0.5246745,-0.22471267,-0.061201937,0.18656294,-3.973412e-05,-0.19558394,-0.31559637,-0.33276775,-0.69536465,0.23500569,-0.04319171,-0.2870385,-0.14903618,-0.17936137,-0.124134295,-0.16406786,-0.13822289,0.32346264,-0.10190509,-0.2846757,0.24703664,0.084255725,-0.29091978,25.0
TGAA,-0.05095449,-0.4777074,0.13920657,-0.4068874,-0.15143119,0.17312065,0.018910533,-0.3324182,-0.024432616,-0.1279145,-0.46834928,-0.22945055,-0.10397919,-0.00201928,-0.03223943,0.078266494,-0.000938383,0.0042622327,0.06394553,0.25131452,0.06496981,-0.018331395,0.1768469,-0.026592884,0.54506004,0.27603373,-0.14524701,-0.14563335,-0.054025188,0.3454783,0.025309604,0.32288408,0.12002465,0.03360107,-0.285447,-0.6140707,0.591355,-0.012418453,0.08335038,0.12577993,-0.15183945,0.5477215,0.23103414,0.19395302,0.4504532,0.19627821,0.23466969,0.02108635,-0.24761163,-0.4092603,-0.103570804,0.5086863,-0.49183694,-0.21925615,-0.18050654,0.26251268,0.21241212,-0.39385206,0.69999146,-0.29075974,-0.16536401,-0.003283642,0.20257251,-0.028774047,25.0
GGGA,0.41723317,-0.23466174,0.17099425,-0.16015507,0.5135285,0.42570695,-0.20386258,-0.16878366,0.06542767,0.090902716,-0.39465806,-0.47919154,0.09098061,0.011772149,-0.15459162,-0.05527418,0.10864234,0.32282862,0.13944218,0.35590413,0.5048156,-0.19033378,-0.06630984,-0.040615827,0.020294681,-0.044803407,0.055708393,-0.1100584,-0.1456766,0.1642215,-0.10251025,-0.276907,-0.14891766,0.02387462,0.04317344,-0.13249259,0.213593,-0.036800288,0.027965644,0.0066106725,-0.0042205793,-0.11214155,0.0042163385,0.23736605,0.09909116,0.109622166,0.29406816,-0.6896267,-0.38738483,-0.5478964,-0.23728555,0.05309135,-0.27036443,0.016379299,0.02500199,-0.081676476,0.41575336,0.04470547,-0.037583943,-0.6183146,-0.23143469,0.26697236,0.3222513,0.22664292,75.0
TTCC,0.21058284,-0.11093847,-0.08677975,-0.27949652,-0.049312275,-0.14360766,-0.17099862,0.36216867,0.14337492,-0.013311123,-0.36426282,0.36358076,0.06345308,-0.33060223,-0.113638066,-0.23528223,0.054296542,0.6748672,-0.17427196,0.45213768,0.43080312,0.014581069,-0.28998044,-0.40043038,-0.02385901,-0.109364845,0.14660473,-0.2055601,-0.092121914,-0.07168672,-0.47226045,0.17204128,0.19608307,-0.04292698,-0.19787236,0.2066046,0.5818819,0.09964135,-0.57602227,0.019561099,-0.09176349,0.031655844,0.16116416,-0.08674725,0.17484294,0.07512679,-0.13292348,-0.11484376,-0.5213151,-0.24871297,-0.23017025,0.10121023,-0.32977504,-0.19826141,-0.2038299,-0.2536363,0.09678708,-0.13550907,-0.3867593,-0.26759824,-0.3628873,0.33257306,-0.11070185,-0.17157383,50.0
AACC,-0.3200175,-0.3735218,0.21639968,-0.5468729,0.0003929444,0.04474625,-0.058442317,0.04593953,-0.30601582,0.14040713,-0.20139681,-0.15092562,-0.07393286,0.16581999,-0.3533826,-0.07270723,-0.21437334,0.57926697,0.000107961736,0.21176045,-0.08304351,0.47816736,-0.04213811,-0.023905778,-0.09538687,0.15712965,-0.17924176,-0.1919482,-0.13426153,0.2457721,-0.4264804,0.2157032,-0.083648875,0.25013673,-0.4813953,-0.34155422,0.5135771,-0.18232043,0.20253876,0.44732684,-0.08359949,0.29357547,0.1399519,-0.015022554,0.11914044,0.022264944,-0.07173137,0.1791662,-0.5128293,-0.38077426,-0.037818708,0.3925907,-0.23851319,-0.059246045,-0.4949286,0.12882574,-0.12682106,-0.5830661,-0.020087536,0.21618421,-0.35386577,0.28621665,0.15693252,-0.06629881,50.0
AGCT,0.38490102,-0.3081706,0.46953896,-0.122706,-0.08847354,0.15135227,0.35980505,0.17673941,-0.078776896,0.15652767,-0.42107743,0.12378458,0.24446833,0.039976478,-0.19683084,-0.2859879,0.17575571,-0.1674341,0.0938606,0.25855958,0.52835727,0.014867075,-0.45910686,-0.15668811,0.21456037,-0.20819296,-0.091713585,-0.013033568,-0.22078358,0.2041156,0.16229524,0.017883524,0.20599264,0.30502838,-0.2508563,-0.26301017,0.23962358,0.1700085,0.36728472,0.072106674,-0.038353764,0.39170605,-0.04558774,-0.2562816,0.46173707,0.24920008,-0.5918007,-0.365485,0.22798502,-0.5476077,0.5130936,-0.01985295,0.04754844,-0.3098179,-0.2721556,-0.24337964,0.20216371,-0.015803924,0.5360283,-0.11692625,0.31072214,0.002891359,0.18813214,-0.17073882,50.0
TCTG,0.09837497,-0.07492996,0.00448798,-0.1404908,-0.17990386,-0.16162653,-0.042680573,0.2257186,-0.2860504,0.017745081,-0.16414507,0.08673951,-0.015340763,-0.3509007,-0.042650063,-0.19986565,-0.13773328,-0.059903875,-0.22502254,0.3421068,0.42129973,-0.16000345,-0.30793586,0.3099984,0.47801667,-0.047975622,0.008810487,-0.21201295,-0.12124692,0.13006872,0.00750483,-0.14955084,0.26096296,0.35294515,0.38688645,-0.34613025,0.5120001,0.078684844,-0.41244024,-0.27579015,-0.28679967,0.49045962,-0.2970137,0.06925419,-0.1750712,-0.21861576,-0.38590842,-0.5450251,0.056536283,-0.20887876,-0.060703937,0.078175396,-0.112234555,0.0072020693,-0.30589852,0.086778626,0.36481947,-0.056119375,0.18323272,-0.63610387,-0.3100586,0.3229773,0.18742919,-0.30805898,50.0
AAAC,-0.46664083,-0.24371631,0.39923176,-0.53197914,-0.11266774,0.33218968,-0.23384969,0.06686559,-0.32897198,-0.0798063,-0.1280409,-0.28664395,-0.0044298694,0.45339113,-0.40419832,-0.09635869,-0.13907321,0.2194049,0.05895328,0.27927598,-0.21436857,0.24058941,0.04078004,0.03980773,-0.10970525,0.18672024,0.16256842,-0.26924112,-0.061168883,0.6197392,-0.23173249,-0.03364352,-0.050760906,-0.015252701,-0.5682717,-0.52293503,0.21771444,-0.061554227,-0.1498266,0.1415475,-0.25094202,0.48647466,0.13081487,-0.09634168,0.20145676,0.006255002,0.09563231,-0.050664227,-0.5801961,-0.74465036,0.019740429,0.44062075,-0.12331598,-0.09474272,-0.4658497,-0.22798239,-0.19506219,-0.07000629,-0.0763472,0.16825049,-0.38651466,0.5772463,0.26481283,-0.09110241,25.0
AAGA,0.074424334,-0.12128401,0.2781014,-0.47293365,0.26375994,0.36686707,0.044060227,-0.117691405,0.06780694,0.2616328,-0.5131877,-0.20616959,0.35726264,-0.28726158,-0.03629567,-0.005078266,0.0041135917,-0.25916132,0.017912481,-0.031180652,0.20784181,0.30353573,0.054876093,-0.11975476,0.022788083,0.17896365,0.004464709,-0.19610138,-0.052978717,0.5121321,-0.15645956,-0.14190343,-0.02163545,0.055990003,-0.22904827,-0.38730478,0.32842073,-0.15214592,0.25076842,0.2726643,-0.14275955,0.39176336,0.4345766,-0.022914482,0.4866166,0.50272614,0.0006177989,-0.3534549,-0.2091972,-0.7617943,0.12052916,0.5188546,-0.33359808,-0.09542873,-0.50548697,0.17928818,0.05973827,-0.041903973,0.17369647,0.070169635,0.009400741,0.065498896,0.39864042,-0.13692378,25.0
GTCA,-0.032282148,0.14710312,-0.09602394,-0.3727729,-0.2652664,0.02638022,-0.3000287,0.022555217,-0.00068861066,0.36317864,-0.12658435,-0.05558198,0.13363856,-0.19027092,-0.35393572,-0.28887102,-0.25361666,0.36172718,-0.18233806,-0.17161682,0.089076184,-0.03247528,-0.5050709,0.24213801,0.49707046,0.03545814,-0.14031029,-0.18434182,-0.03657626,0.18257858,-0.18119112,-0.35919684,0.055963285,-0.051848084,-0.036922656,-0.056496777,0.5286773,-0.09443128,-0.053463545,0.06600506,-0.58319104,0.24650656,-0.34650278,0.2949613,0.30045828,0.33528918,0.09121211,-0.21113938,-0.047517344,-0.4712865,0.011376787,0.67730665,0.4192863,-0.12603256,-0.12905909,0.16368923,0.18388642,0.5711779,0.0015994011,0.044671156,-0.13700177,0.35770252,-0.10487614,-0.36230627,50.0
TGTA,0.22192909,-0.32328948,-0.100426555,-0.072240785,-0.33011478,-0.1523418,0.017295485,-0.074609324,-0.5481841,0.042560898,-0.2898112,-0.0069696624,-0.045727383,-0.12579948,-0.39303422,0.28875166,0.074456535,0.005014684,-0.15474771,0.096823946,-0.36886743,0.16827153,-0.10132481,0.4440971,0.39891267,-0.04744685,-0.2610243,-0.29218698,-0.31168935,0.42234585,0.03369599,-0.14560983,0.05455576,-0.016877767,0.25191075,-0.52165926,0.40658572,-0.3093158,-0.14301163,-0.040171966,0.014705204,0.42653134,-0.4030699,-0.22874385,0.26515964,0.22494805,-0.017584808,-0.49194553,-0.14222251,-0.07874274,-0.096130006,-0.011566502,-0.20769592,-0.48081294,-0.29185614,0.42307818,0.23377876,0.026750525,0.82621896,-0.36466396,-0.32844213,0.009644552,0.37096113,-0.44909343,25.0
AATC,-0.010365044,-0.013667824,0.28703725,-0.33715928,-0.43041945,0.5635238,0.049171027,0.04713639,0.032896925,-0.008648339,-0.38219357,-0.13911161,0.29564708,-0.50376326,-0.32947266,-0.010728748,-0.37321275,0.05447183,-0.07480802,0.31219357,0.4021896,0.40578136,-0.34465104,-0.114446506,0.064411625,0.28639534,0.17893222,-0.54687536,-0.14739478,0.36655858,0.21485041,0.095138,0.1614581,0.1515425,-0.3649423,-0.2588493,0.23829229,0.0865268,-0.3744274,0.13560463,-0.28516796,0.46776938,0.31077734,0.013758519,0.21160235,0.108348034,0.17889574,-0.01610987,-0.15276828,-0.77195764,-0.10962113,0.24746622,0.71818644,-0.17797093,-0.08538855,0.140188,0.2034628,0.110212535,-0.12746613,0.003961744,-0.5089999,0.32767755,0.34084672,0.14247403,25.0
CACT,-0.083659455,0.09165472,0.1421328,-0.431162,-0.4171697,0.010718518,0.06947956,0.3801142,-0.41456276,0.010883892,0.049364075,0.35751152,0.015531511,-0.0483179,0.14143965,-0.20144886,-0.29735485,0.06218312,0.04302142,0.21379249,-0.06656578,0.049643334,-0.33866397,0.029382287,0.31866977,-0.22009051,-0.12051442,-0.008151222,-0.049817342,0.04987255,0.07432296,0.13024086,-0.13631561,0.11767716,-0.3970932,-0.15255809,0.2929514,0.092038445,0.063275166,-0.102474436,-0.3787464,0.32469386,-0.6193383,0.12372818,0.07535055,0.007762336,-0.31165677,-0.4690079,-0.21060435,-0.80842257,0.36167428,0.15749902,-0.18394478,0.13442421,-0.2577718,-0.09191788,-0.31261626,-0.289392,0.057401847,-0.28214318,-0.15243031,0.57746625,0.08971074,-0.39339754,50.0
TATC,0.5103456,-0.10881861,-0.08005532,-0.14618331,-0.2616151,0.023898525,-0.21082391,0.2050381,-0.20048916,-0.02198947,-0.33343494,0.14868161,0.12649609,-0.8097957,-0.41101182,0.3159653,-0.15938522,0.40588808,-0.30153635,0.20469357,0.08414631,0.34041345,-0.70945394,-0.020541275,-0.01769897,-0.01803958,0.08764994,-0.43482533,-0.2078323,0.026452228,0.12814425,-0.005206904,0.068513386,0.04446941,-0.17818657,-0.1288529,0.15733579,-0.08271256,-0.5744737,-0.15173644,-0.21415733,0.22752623,-0.06216384,-0.144509,-0.12584634,0.23003282,0.25539553,-0.4038997,-0.15130685,-0.36468238,0.13459685,-0.3380969,0.18067823,-0.25888285,0.0489404,0.2693251,0.2005681,-0.0801425,0.26878956,-0.035183594,-0.49913916,0.136726,-0.017249458,-0.17712717,25.0
CAGT,0.06519184,-0.08408108,0.0015422858,-0.17075163,0.22200122,-0.11008899,-0.3752166,0.15084574,-0.09894107,0.40054795,0.047485385,0.17022295,0.0049461913,0.059489712,-0.011583521,-0.18550168,0.23389103,0.26529363,-0.28023487,-0.25006545,-0.15818189,0.1336581,-0.16418932,0.016170079,0.3665873,-0.3345342,0.082350604,0.21421355,-0.13829708,0.36808318,-0.35062036,-0.37931442,0.014418341,0.039927512,0.030404534,0.117325425,0.55978274,-0.47561267,-0.0168809,0.19624867,-0.0058527626,0.21201183,-0.36479625,0.21408701,0.44534934,0.46119127,-0.1051643,-0.20573954,0.08583489,-0.48810384,0.084275015,0.7639968,-0.18422164,-0.07045044,-0.4924186,0.01599073,-0.20575294,0.39849958,0.26826277,-0.03846631,0.019706827,0.6023111,0.13315795,-0.5010386,50.0
ATGT,-0.21114893,-0.2599124,-0.008838726,-0.20891778,-0.45279777,0.30486193,-0.25740877,-0.24558607,-0.20778175,0.17855531,-0.3983761,-0.04595255,0.058986828,-0.45488235,0.009368754,0.087728806,-0.083342254,0.1354748,-0.21697086,-0.08481294,0.061014913,0.14138807,-0.30355328,0.046275534,0.5971987,-0.14460167,-0.035161953,-0.35518137,-0.32159513,0.46742582,0.044689164,0.09096591,0.18869099,0.06735474,0.15358642,-0.17228635,0.7214773,-0.32495168,-0.38730496,-0.089238785,0.0608821,0.50406784,-0.21464586,-0.016392373,0.17572686,0.18982424,0.19641986,-0.13613412,0.22917406,-0.2373148,-0.31866714,0.3803139,-0.19067289,-0.24315569,0.1997759,0.5494418,0.29977155,-0.016193807,0.6014162,-0.18666714,-0.31915823,0.01582303,0.29398206,-0.45843804,25.0
ACTA,0.13855678,-0.23063941,0.17623839,-0.38439214,-0.22793642,0.12530571,0.17217436,0.055015046,-0.37817898,0.07713641,0.024268348,0.1559355,0.49913728,-0.28588083,0.012890988,0.32226455,-0.14907105,-0.082493626,0.37313655,0.1359724,-0.3759476,0.35297605,-0.3445777,0.10817898,0.08549763,-0.052301902,-0.34210443,-0.098333836,-0.23099802,0.24228409,-0.034192108,0.2642809,-0.22668168,0.21330552,-0.2215736,-0.49271113,0.17025967,-0.2013527,0.022023857,0.20495507,-0.28944692,0.4335244,-0.38024163,0.29056677,0.16403766,0.19222818,-0.05823395,-0.7432543,-0.3393906,-0.4885004,0.40585765,-0.1716856,-0.15609084,-0.06385606,-0.1437562,0.092565075,-0.32818523,-0.062742695,0.49757004,-0.16566646,-0.047043364,0.30651945,0.1298391,-0.3606482,25.0
TCCT,0.40566233,-0.39928082,-0.06944233,0.09828204,-0.14554295,-0.12668736,-0.17962052,0.5373575,-0.011804737,-0.06596928,-0.21821173,0.22482966,0.19539112,-0.6641405,-0.13284886,-0.14483285,-0.0006818474,0.44119754,0.089449815,0.48303267,0.17794299,0.03201034,-0.6862014,-0.15184386,0.19001095,-0.28643534,0.09262578,-0.16858345,-0.6155688,-0.16170713,-0.4021759,-0.0973051,-0.025239749,0.33617726,0.029901505,0.14400823,0.42770523,-0.076630026,-0.30813596,-0.20871721,0.033779234,0.3331953,-0.19443332,-0.17020811,-0.2783933,-0.038772777,-0.34832588,-0.40465403,-0.1115384,-0.37927863,-0.20093364,0.0711458,-0.20178176,0.2330348,-0.13134459,0.010805853,0.17268524,-0.18573149,-0.006457051,-0.3606217,-0.2706999,0.40251073,-0.016199093,-0.24599867,50.0
TTTT,0.13922946,-0.22243726,0.17041981,-0.5720551,0.0002156815,-0.059332136,-0.047924608,0.415825,-0.07919108,0.1557245,-0.43133283,0.5896917,0.4185559,0.012146581,-0.034278594,0.24274047,0.6310513,0.3688746,-0.19447379,0.24188747,0.22935557,0.02732467,0.094187066,-0.073979884,0.19733854,-0.24811694,0.544789,-0.12859489,-0.07435876,0.036579754,-0.21460778,0.15950719,0.13462175,-0.1820925,-0.27422076,0.19122794,0.6866352,-0.047163427,-0.45412818,-0.15781495,0.14524305,0.2470487,0.19713724,0.25071955,0.31490466,0.22659685,-0.068091735,-0.26370513,-0.57243854,-0.21640521,-0.003407163,-0.3530677,-0.20446539,-1.0232075,0.07787053,-0.44693822,-0.25247028,0.018427271,0.2526762,0.13098943,-0.115277275,0.4407072,0.11731143,-0.37044716,0.0
ACAT,-0.21156642,0.07304699,0.11976719,-0.36289757,-0.21574156,0.19320804,-0.0070758266,0.07368469,-0.27178547,0.2534247,0.11949784,0.31729078,0.02962076,-0.15847245,0.4079447,0.16226876,-0.21752448,0.30761796,-0.19576374,-0.075058825,-0.19861406,0.42362654,-0.077384815,-0.23338388,0.46448165,0.16103978,0.2373306,0.021466529,-0.016354335,0.05703331,0.3083984,0.1287212,0.18777318,0.14664572,-0.010017806,-0.058364823,0.6492524,-0.055757217,-0.38377738,0.07018504,-0.25579196,0.30594286,-0.27670974,0.17883724,0.3850502,0.26933107,0.1721502,-0.25267902,-0.47601575,-0.6492185,-0.070969954,0.21919385,0.15345828,-0.11024028,0.35590783,0.43199685,-0.34083113,-0.34152517,0.44149053,-0.35472938,-0.18177865,0.27519897,0.3576296,-0.3407857,25.0
GTTA,0.10962789,-0.0053044525,-0.043397125,-0.1068601,-0.270364,-0.14128058,-0.0694232,0.10414921,-0.23178552,0.17881311,-0.28021497,0.1340569,0.1828222,0.026123207,-0.094142176,0.37218904,0.50411797,0.48402104,-0.41106305,0.26180243,-0.05995263,0.04592659,-0.06966644,0.1478925,-0.025370743,-0.22487299,0.17873983,-0.6373987,0.052307162,0.38568395,-0.4885902,0.018866131,0.059896305,-0.29151428,-0.16189137,-0.19466574,0.33808798,-0.28209564,-0.522429,0.19169886,0.06465699,0.31437138,-0.29970065,0.010154075,0.33584356,0.57908374,0.1613387,-0.31999496,-0.5508381,-0.034781393,0.042516373,-0.12072969,-0.13515206,-0.30409253,-0.1833889,0.057175826,-0.1362727,0.14608715,0.36464065,0.12258822,-0.645488,0.046194892,0.21605846,-0.17991087,25.0
CGAT,0.24275146,-0.105812535,0.4163458,-0.35676983,-0.009696666,0.44880998,0.13362738,0.50399923,-0.01137204,0.42751995,-0.093491465,-0.21944349,0.17255297,-0.5638727,0.02484568,0.46524596,-0.29289633,0.7478298,-0.03909123,0.13873328,0.15577947,0.14800029,0.08444845,-0.25255078,0.07456227,-0.007983138,-0.22614571,-0.24122281,0.16144916,-0.13421501,0.22651708,0.07938718,0.055197123,0.014442742,0.033388585,-0.14838423,0.118063726,-0.088802814,-0.49863976,0.071509905,-0.2937312,-0.2565637,0.30411378,0.323347,0.10041189,0.49741957,0.31114575,-0.24605232,-0.3766095,-0.43706506,0.043010257,0.06512489,0.02061432,-0.3160719,0.010693558,0.17933755,0.27672496,-0.4194494,0.03091695,-0.11738726,-0.26349977,0.07632096,-0.33978915,-0.007670329,50.0
AACA,-0.2676915,-0.06842949,0.38625163,-0.6652433,0.007601676,0.42432883,0.0056339446,-0.32862738,-0.54098403,0.024642952,0.1937714,-0.2273492,0.16819546,0.5197175,0.015321278,0.07557081,-0.33870748,0.27472845,0.09018512,-0.05256813,-0.1649694,0.5335668,-0.13624367,-0.21486439,0.21800376,-0.16809684,0.009603879,-0.21153323,-0.27851152,0.29479784,-0.16148984,0.04458792,-0.0054621636,-0.03493384,-0.33528695,-0.5202142,0.51693165,-0.0023291614,0.2096766,0.40103373,-0.42105258,0.24582681,-0.19767226,-0.022727966,0.5221653,0.057753943,-0.13710366,-0.13366482,-0.33128348,-0.7445517,0.19297361,0.3378864,0.09730864,-0.16818051,-0.013661967,-0.046713296,-0.25980362,-0.14668937,0.17610355,0.094088495,-0.06391667,0.45682147,0.31791762,-0.2736313,25.0
TAGT,0.31970495,-0.34284234,0.098423496,0.03679564,0.11742064,-0.13818398,-0.1870852,0.20067345,-0.074735396,0.327639,-0.2644767,0.13269114,0.13476405,-0.421256,-0.27792835,0.24448244,0.65928704,0.15909052,-0.31147718,-0.28489628,-0.18309364,0.23710148,-0.3953941,0.25579822,0.23761614,-0.07712322,-0.19571307,-0.25688672,-0.15877564,0.40107897,-0.38406152,-0.23033321,-0.13032335,0.054002456,0.28089336,0.0037033213,0.35270065,-0.600701,-0.21765476,-0.20992295,-0.13485037,0.12600541,-0.08776272,0.1154069,0.43932387,0.6198383,-0.035005827,-0.59247303,-0.06547094,-0.12897314,0.31467262,0.025744928,-0.11259402,-0.124441765,-0.37450367,0.23689473,-0.031932976,0.27654627,0.69171834,-0.07916244,-0.20295142,0.17867064,0.08223559,-0.35712206,25.0
TTGA,0.13358468,0.010953451,0.2502794,-0.5655109,-0.038814377,-0.10739875,0.096597426,0.11668953,0.21759814,0.47064278,-0.52079487,0.25651184,0.10043724,-0.07532358,-0.042935688,0.08543008,-0.0137138,0.18939209,0.055945553,0.35953906,0.20595315,-0.082475744,0.34665453,0.1664408,0.40129393,0.04354567,0.24480191,-0.030683096,-0.15378726,0.010893577,-0.08114202,0.30069652,0.19027476,0.013189129,-0.344848,-0.32985047,0.6982343,-0.14757569,-0.19303265,-0.25286058,0.18883027,0.37725246,0.45301986,0.17814182,0.57551295,0.1832851,0.23153003,-0.20852706,-0.32309,-0.18188077,-0.22071159,0.15508379,-0.63752544,-0.2983088,-0.005302157,0.11798649,0.06868186,-0.34476483,0.59832686,-0.35488325,0.060489327,-0.049606062,-0.0387306,-0.2140851,25.0
CTTA,0.30791956,-0.11322956,0.16680583,-0.24090962,0.075470544,-0.18742204,0.30946034,0.31049505,-0.14488249,0.045371793,-0.24655536,0.32158765,0.48928794,0.10876482,0.022375854,0.3840836,0.24147867,-0.049578216,-0.16946054,0.49494117,0.21385781,0.028926212,-0.30862266,-0.0059219194,0.1418353,-0.05230236,0.08602053,-0.569454,-0.29002956,0.07361447,-0.44877064,0.053836554,-0.16972186,-0.028356463,-0.26027083,-0.20384726,0.43576634,0.15551357,-0.34335223,0.11170763,0.13161053,0.38751334,-0.19766541,-0.23392145,0.1168625,0.21497256,-0.14168075,-0.39849985,-0.33601478,-0.3275553,0.29905885,-0.50280905,0.014379832,-0.33535314,-0.00039912952,0.042875465,-0.22901212,-0.15639,0.35390607,-0.013741149,0.0016433395,0.40366027,0.12989326,-0.3491749,25.0
ACAG,-0.049609322,-0.058884986,0.16626662,-0.37554908,0.25477028,0.122604206,-0.090050854,-0.2937674,-0.2962052,0.42634663,0.07455304,-0.021338213,0.1643942,0.18324497,0.23971899,-0.33153015,0.03429095,0.22192657,-0.070312284,-0.10490404,-0.23574644,0.4445619,0.09532868,-0.18053767,0.29786733,-0.036107883,0.10466717,0.11186387,-0.18443649,0.054399088,-0.035621457,-0.17928883,-0.0058349245,0.13358837,0.013518679,-0.09097408,0.50353223,-0.08053987,0.07259937,0.18230583,-0.3323863,0.03566279,-0.39974338,0.14248641,0.44350228,0.44071922,-0.19773665,-0.52236855,-0.3452335,-0.92662084,0.26432315,0.22640377,-0.16042209,0.22454646,-0.133406,0.11055441,-0.40008712,-0.05211685,0.25297362,-0.15909481,0.25500235,0.28108776,0.29231536,-0.232114,50.0
CTGT,-0.20048681,-0.49761495,-0.11976904,-0.31306842,-0.4384508,-0.16308662,-0.023766976,-0.06858508,-0.3563006,0.1286093,-0.25421187,0.3022362,-0.10754376,-0.12706892,-0.32692418,-0.22172786,0.06331849,0.26396847,-0.2646538,0.33893847,0.06531983,-0.057107836,-0.2516254,0.358887,0.35742,-0.13431916,-0.36108282,-0.08711308,-0.31232366,0.39938632,-0.0817392,0.07520895,0.111219674,0.011478464,0.11888033,-0.297548,0.3099067,-0.18420208,-0.30658546,-0.274349,0.004203009,0.49512598,-0.38905135,-0.058434907,0.0036726282,0.053680897,-0.28336665,-0.30327183,0.10033164,-0.15462561,0.029170342,0.114798605,-0.31291342,0.0041170707,-0.44798937,-0.03205973,0.019205412,0.089728184,0.5481513,-0.37244305,-0.13019784,0.14305964,0.15090533,-0.38404828,50.0
ATAA,-0.036366884,-0.22754933,0.24600251,-0.30068105,-0.13187225,0.3666653,-0.21844238,0.061749343,-0.31562957,-0.06564712,-0.26249242,-0.28275096,0.13354717,-0.2653929,-0.15397274,0.4807732,0.02121937,-0.117815614,0.04224143,-0.09731103,-0.14412563,0.65879136,-0.12531082,-0.16738106,0.045848962,-0.15669551,0.11409324,-0.4938063,-0.29292,0.22122681,9.494264e-05,0.07733107,0.19435042,0.11376157,-0.45157146,-0.40646923,0.26058576,-0.23032649,-0.38396034,0.22269094,-0.12077112,0.47984803,-0.027561907,-0.04586602,0.21658827,0.25672826,0.12166259,-0.33311287,-0.32237703,-0.50303984,0.025892021,0.053166296,0.1479145,-0.4647148,-0.041619632,0.40547663,-0.13910142,-0.2710279,0.44705448,0.1828975,-0.42112973,0.00747615,0.45403174,-0.24611203,0.0
ATGA,-0.055372328,-0.11281933,0.40261775,-0.38576144,-0.16492033,0.47914457,0.09483276,-0.19209087,-0.052023478,0.3888266,-0.2109421,-0.12493927,0.24113049,-0.2347551,0.1672984,0.22929615,-0.4798109,-0.014381082,0.18202291,-0.1071096,0.02259544,0.15056878,-0.0053176237,-0.09103802,0.4594161,-0.102341816,-0.04408021,-0.19745754,-0.26041853,0.04515597,0.41883346,0.26752853,0.11775583,0.28006515,-0.24744281,-0.3948967,0.5453611,-0.16633965,-0.065031566,0.0150158135,-0.033357825,0.42617702,0.12294876,0.10439162,0.3837236,0.20287926,0.34613615,-0.41389772,-0.07497015,-0.48642802,-0.112633,0.21418862,-0.26120222,-0.12826648,0.27966934,0.48013955,0.21956894,-0.38951442,0.5150428,-0.52461606,0.008049435,-0.039930254,0.32857212,-0.03635325,25.0
ACCT,0.14706115,-0.4810047,-0.16585766,-0.14359325,0.25867265,-0.36804542,0.059930053,0.23387308,-0.39873794,0.037215058,-0.003425679,0.30326125,0.044359785,0.013850401,0.045970023,0.0013818854,-0.08246421,0.49721384,-0.07430998,0.24134058,-0.25824824,0.35616598,-0.09255804,-0.032515258,-0.0019462323,-0.23402858,-0.060634855,-0.0047308747,-0.5118371,0.06450743,-0.3357925,-0.00673989,0.027084151,0.43565947,-0.12505104,0.10423034,0.28916782,-0.06176738,-0.07703296,-0.18663234,-0.24066083,0.31319243,-0.31182933,-0.12521523,-0.011327272,0.023425391,-0.16081847,-0.56153506,-0.6619348,-0.39529365,0.1860421,0.09483552,-0.55172986,0.12603971,-0.3471312,0.0016380544,-0.37630758,-0.43536416,0.21473713,-0.26758048,-0.12503736,0.48063633,-0.008462084,-0.19940925,50.0
TTAT,0.34895578,-0.19825578,0.14305629,-0.17541008,-0.25776294,-0.19004674,-0.16036484,0.36519414,-0.11994534,0.03654785,-0.27144328,0.30102628,0.30274072,-0.58931905,-0.19323723,0.5237242,0.47722757,0.3487352,-0.18621771,0.006231051,0.09367075,0.19716504,-0.13775967,-0.033509646,0.09548584,-0.16405857,0.19982502,-0.5833785,-0.3522685,0.12950563,-0.011238706,0.1973691,0.29521355,0.048360575,-0.23070388,-0.012713051,0.43840727,-0.20402722,-0.6188282,-0.11819944,0.044437543,0.32657787,0.15257017,0.083751984,0.15414394,0.46170992,0.050145593,-0.36099946,-0.4320208,-0.10898172,-0.07898993,-0.35405,-0.11060601,-0.5988526,0.24431348,0.042021096,-0.07035932,-0.11090373,0.65367234,0.10791851,-0.45359185,0.21887039,0.048573818,-0.22689418,0.0
TGTG,0.29177377,-0.25579754,0.014593775,-0.28457022,-0.20587787,-0.18110484,-0.18978286,-0.115572974,-0.45099384,0.15392433,-0.43887952,0.055446845,-0.1592791,0.2811412,-0.20231898,-0.004809593,0.15755391,0.28331113,-0.22122546,0.31236494,-0.061918393,-0.08888863,0.03322254,0.21153188,0.5355437,-0.11713767,-0.23957787,0.026507488,-0.14992651,0.36291304,-0.08680918,0.19697845,0.32772884,-0.20033048,0.31703883,-0.27865848,0.7840223,-0.26332292,-0.1686598,-0.31929776,0.1185595,0.30199942,-0.3332933,0.025755934,0.29262412,0.019855859,0.21341059,-0.1445373,0.19351806,-0.13890602,-0.36361444,0.112267375,-0.36882108,-0.5488828,-0.14990604,0.09196741,0.2708443,-0.17629309,0.592118,-0.82925636,-0.107771866,-0.0025640177,0.025829082,-0.19895838,50.0
AGCA,0.33819145,-0.03972574,0.6008183,-0.069780156,0.22284062,0.16425973,0.055143584,0.17156318,-0.18077159,0.3789463,-0.1748905,-0.04691094,0.06426246,0.15039054,-0.030555908,-0.31285718,-0.16591066,0.1971081,-0.0979311,-0.31583267,0.5950083,0.46235365,-0.12340514,-0.19550607,0.26448554,-0.25585556,-0.27311677,0.0493185,0.05414291,0.119251564,0.18162239,0.022286704,0.27850315,0.12748252,-0.2651485,-0.049442776,0.6403216,-0.08667078,0.20863953,0.38201082,0.11239428,0.23768146,-0.22475155,0.122569814,0.56967616,0.26654527,-0.32828048,-0.27428088,-0.044353914,-0.510365,0.6930446,0.37357104,0.061297446,-0.25455105,-0.13004833,0.14080563,-0.052548286,-0.024534183,0.20301181,0.0031145941,0.43099624,0.26354218,0.34827468,-0.08261578,50.0
TCAT,0.16567877,0.056826152,0.07761898,-0.35746747,-0.42724943,0.29897407,0.12848775,0.69617236,0.011247929,0.22692226,-0.232189,0.5423636,0.3839659,-0.42826393,-0.012944906,0.03556066,-0.21411471,0.36231148,-0.20824248,-0.04352646,0.42948222,0.21259521,-0.6373025,-0.012269205,0.33207995,0.23553522,0.25000083,0.009299008,-0.22463155,0.24044609,0.25844175,-0.06247592,0.3611791,0.1685746,-0.085064225,0.16806875,0.47957733,0.19417594,-0.40436244,-0.22116731,-0.34304917,0.37663072,-0.06428099,0.14900978,0.2959998,0.27141163,0.010943264,-0.09983589,-0.23793383,-0.48138776,-0.05919489,0.25310943,0.4728912,-0.24541841,0.117788784,0.16220503,0.08528006,0.06899427,-0.011288881,-0.026528262,0.10965532,0.33497554,0.044944208,-0.49346536,25.0
TCGA,0.050158247,-0.052187312,0.03696488,-0.44257218,-0.04407127,0.12791409,0.2491405,0.31031555,0.1264558,0.6179745,-0.13483243,0.13496119,0.21471892,-0.33111787,-0.07441217,0.08512235,-0.04012727,0.5713724,0.10975928,0.24564528,0.34434372,0.23692033,-0.3296702,0.0708369,0.30464324,0.14987339,0.1263396,-0.14706162,0.05344814,0.1479578,0.031861022,-0.10571508,-0.25770643,0.30433345,-0.14671026,-0.25859788,0.051815353,-0.2174872,-0.16777977,0.0876523,-0.37894252,-0.24360065,0.28659207,0.4474769,0.15942468,0.1665888,0.4960093,-0.24900602,-0.42537788,-0.563188,-0.029710123,0.26655287,-0.07798926,0.024783032,-0.15739675,-0.16630107,0.39359322,0.006684866,0.08282106,-0.16204177,-0.14890033,0.07766862,-0.25758612,0.04788799,50.0
TGTT,0.047118753,-0.12754083,-0.17016914,-0.17810346,-0.28487748,-0.1914952,-0.330353,0.08245746,-0.3552656,0.35571676,-0.40496787,0.35309014,0.07783853,-0.10045091,-0.13331152,0.087550744,0.3017721,0.32589665,-0.2953742,0.345752,0.06605895,0.0032544145,0.14444034,0.1812007,0.5372444,-0.1325072,-0.12342464,-0.38105413,-0.11572195,0.37259707,-0.23597784,0.26132682,0.30762908,-0.24795198,0.010981746,-0.01579473,0.6779535,-0.10447887,-0.5425651,-0.2667887,0.22581846,0.606998,-0.342839,-0.22139841,0.36092424,0.08172469,-0.006689628,-0.16985315,-0.17642012,0.040667072,-0.3839517,-0.10216016,-0.2448408,-0.4973347,-0.31435972,0.051509958,0.14057836,0.11506714,0.51228863,-0.33574015,-0.5222305,0.09160046,-0.098255284,-0.33644488,25.0
GGTA,0.5477117,-0.2646838,-0.05165106,-0.19606328,-0.006676538,0.016278489,-0.27959856,-0.25299364,-0.4348,-0.15320791,-0.23654047,-0.34987557,0.12715928,0.079236075,-0.5708481,0.16238245,0.109914586,0.21464872,-0.06601861,0.07569988,-0.09331428,-0.05114557,-0.09009066,0.25285038,-0.059323296,-0.1425892,0.09611736,-0.30733752,-0.5696579,0.24413879,-0.09387642,-0.41199723,-0.14574766,-0.15237857,0.032021135,-0.17783199,0.23687974,-0.18230863,-0.14551908,0.36201796,-0.2497824,-0.22736453,-0.42997643,0.11365127,0.3170435,0.33781174,0.073982194,-0.69947994,-0.3491202,-0.3093012,0.16044067,-0.0681151,-0.10011179,-0.103978306,-0.036979694,0.115574166,0.14374463,0.4075698,0.38409558,-0.19999152,-0.200419,0.06893784,0.4447819,-0.037599042,50.0
TAAC,-0.29080486,-0.3132339,0.28661516,-0.1376583,-0.17642999,0.2721546,0.07013131,0.08831662,-0.5068765,-0.123957634,0.1025923,-0.014583238,0.2796584,0.40362245,-0.076660454,0.4097464,0.15600488,0.14136793,0.05115053,0.27132422,-0.27731088,0.3679854,0.16362485,0.0860265,0.06648007,-0.2436579,-0.09763325,-0.5302458,-0.41910172,0.42575622,-0.062954865,0.23162156,-0.20176202,-0.007591356,-0.45094833,-0.4075193,0.110852964,-0.15722676,-0.434602,0.13614918,-0.060550448,0.3658998,-0.25695032,0.047846418,0.12144967,0.1733917,0.019408615,-0.14690128,-0.588055,-0.5581038,0.10300071,0.16904259,-0.13591395,-0.17828478,-0.2724661,-0.12110039,-0.25805068,-0.27725315,0.23701327,0.10591676,-0.46686542,0.39905155,0.32889166,-0.21258247,25.0
TTCA,-0.13242422,0.09584855,-0.09394733,-0.43612322,-0.15314943,0.0134207215,0.0772012,0.32439703,0.038051456,0.3688774,-0.27734068,0.45555878,0.48459432,-0.006462909,-0.005466115,-0.22714089,0.040737968,0.50094163,-0.07105564,0.11605914,0.46745,0.10147429,-0.22492245,-0.1464004,0.39520472,-0.014136077,0.035724685,-0.25198755,-0.095888324,-0.010537071,-0.21366256,0.0159205,0.31984323,-0.09577633,-0.3996818,0.15231377,0.613961,0.297631,-0.33186027,0.10554174,-0.34108457,0.3882674,0.04137044,0.25723886,0.4028779,0.0679541,-0.12318709,-0.0029017795,-0.2909165,-0.50572467,-0.13676378,0.28504416,0.005584584,-0.5580347,0.15254095,-0.3023064,0.02157836,0.4373791,-0.07231499,-0.06170877,-0.012532586,0.38671416,-0.17805353,-0.37652782,25.0
GTTT,0.23332486,-0.0729166,-0.093262225,-0.37217522,-0.12517954,-0.2058435,-0.24171636,0.3496867,-0.14675406,0.23855329,-0.5047989,0.22472338,0.10585605,0.021835433,-0.13272153,0.082755536,0.6313647,0.76124704,-0.36786175,0.3218171,0.21217956,-0.120412074,-0.014117978,0.08797637,0.0556059,-0.23021983,0.33802837,-0.11221783,-0.017151106,0.24053389,-0.35369134,-0.064993136,0.1524437,-0.31999943,-0.047637127,0.109113336,0.428613,-0.3095131,-0.5415315,-0.1327295,0.13096783,0.17027692,0.019945139,0.28271392,0.23533331,0.29127437,0.08276336,-0.26779002,-0.5082461,0.01667237,-0.14776233,-0.091099136,-0.39714864,-0.6138192,-0.14170073,-0.49895826,-0.04325171,0.15547188,0.12724842,-0.04961175,-0.36165613,0.18917225,0.010296929,-0.2530662,25.0
TTAC,-0.14635912,-0.062754124,0.064820506,-0.3857441,-0.14557953,-0.32418406,-0.030144157,0.22154488,-0.22427787,0.21691419,0.0455323,0.4221632,0.26005262,0.057481095,0.05807519,0.20625736,0.30086967,0.4569396,0.0037718194,0.28727442,-0.26216727,0.27373984,0.112598516,0.02896664,-0.13402493,-0.23796906,0.15842837,-0.35817719,-0.1115668,0.28476226,-0.14871612,0.2125029,-0.10759231,-0.08575562,-0.41912338,0.0035034465,0.51353925,-0.2621924,-0.5438233,0.13234721,-0.07197127,0.19889003,-0.060826577,0.16545121,0.15835686,0.54594165,-0.19631821,-0.4165399,-0.58825547,-0.21020542,0.3635113,-0.4607117,-0.13108394,-0.49066195,-0.10212886,-0.23996662,-0.4542323,-0.010825262,0.2215819,-0.0003546187,-0.3035829,0.35196453,0.04349141,-0.19807525,25.0
ACTC,-0.01894281,-0.1719913,0.06148727,-0.62062144,-0.3582423,-0.091624886,0.09612003,0.4074974,-0.24996208,0.20975013,0.040685043,0.35537642,0.35610342,-0.1605718,-0.05598162,-0.095664285,-0.41015667,0.02468527,0.27448195,0.53151226,0.003075091,0.2501652,-0.62028253,-0.02480385,0.23762757,-0.07070448,-0.08744644,-0.11161274,-0.24504754,0.15630236,-0.24956794,0.06567643,-0.36700988,0.18436567,-0.12933615,-0.3225398,0.3172106,0.15554048,-0.00028856687,0.19181839,-0.4040263,0.22666591,-0.05222133,0.027947534,-0.1422997,0.16152799,-0.1475057,-0.45101446,-0.27289414,-0.57626194,0.26135904,0.09869389,0.09445116,0.10087745,-0.44583312,0.0024309873,-0.052190285,0.06795067,-0.11285016,-0.032627694,0.06246616,0.39569676,-0.021728115,-0.23511356,50.0
ATCA,0.07853103,0.09337437,0.28613842,-0.3072991,0.040009346,0.62147164,0.057814866,0.16297539,0.008723848,0.28761458,0.0029190734,-0.13476996,0.27777615,-0.43168205,-0.024918327,-0.05089501,-0.4070026,0.023117395,0.031339496,-0.30506504,0.47236794,0.31733504,-0.41343668,-0.29714987,0.32832345,0.12786889,-0.10373406,-0.31928432,-0.16003646,0.17672157,0.19287366,-0.19726759,0.38783076,0.08158137,-0.36037165,-0.2758803,0.5018408,0.18568043,-0.1276535,0.010427186,-0.4943096,0.1959927,-0.0960808,0.14796595,0.15821968,0.15874471,0.0888925,-0.2731904,-0.28247988,-0.7264425,0.07614971,0.5262708,0.4657532,-0.42339063,0.25761804,0.21136962,0.035922654,0.118970424,0.036339432,0.017091267,0.03636823,0.4081655,-0.037794527,-0.30232507,25.0
CTAG,0.537474,-0.42544934,0.10493363,-0.001629585,0.22810481,-0.113551535,0.14709288,0.21030606,-0.06168805,0.11347016,-0.34890473,0.023486553,0.19508709,-0.28129596,-0.25619018,-0.15226837,0.109033406,-0.08990098,0.025653562,0.13552284,0.18196847,0.39106363,-0.55128586,0.052240223,-0.049677543,-0.34359127,0.05693111,-0.067013666,-0.17599404,0.30057496,-0.28039792,-0.032091085,-0.43526906,0.17763373,-0.05097682,-0.24782002,0.19486144,-0.5269453,0.23047686,-0.11064145,-0.07531374,0.15426414,-0.19990864,-0.048574466,0.04298073,0.28793636,-0.26725364,-0.9434673,-0.044624582,-0.39848718,0.4524053,-0.29720995,-0.21438174,0.1431615,-0.5295729,0.3372723,-0.09386423,-0.011428486,0.36417973,-0.06267246,0.023276469,0.19047756,0.17372271,-0.07128365,50.0
TAAA,-0.08824849,-0.37467024,0.3264338,-0.17649361,-0.045628898,0.47611764,0.09463236,-0.08202429,-0.23046196,-0.35638466,-0.19420676,-0.331735,0.09976368,-0.08137973,-0.25933394,0.46931627,0.38231474,-0.041526694,-0.0016143036,0.21277215,-0.020948343,0.41170257,0.12838894,0.10932587,-0.24651088,0.06632226,0.22885148,-0.54208636,-0.47473115,0.51693636,-0.20523015,0.09202645,0.03452301,0.2980771,-0.2970512,-0.3231671,0.32697904,-0.09858328,-0.25804,0.18824457,-0.14065841,0.3436543,0.13092445,-0.017166296,0.40408963,0.25438383,-0.023552043,-0.38329402,-0.27484828,-0.47934765,-0.112383485,0.21616699,0.17190634,-0.3895656,-0.2960768,0.13937624,-0.21306904,-0.1455798,0.42430893,0.18785381,-0.58375776,0.3604004,0.47656637,-0.093833365,0.0
GTGT,-0.0072942134,-0.25121436,0.017224494,-0.27280992,-0.3361688,-0.04274389,-0.17748785,-0.29182366,-0.40405566,0.30238688,-0.3153109,0.08546815,-0.17091006,-0.058661666,-0.4172376,-0.070670106,0.27961934,0.44836983,-0.46549556,0.10063932,-0.07106827,-0.17742282,-0.18328546,0.27081534,0.70214385,-0.096374914,-0.20998736,-0.08948897,-0.14676031,0.48779052,-0.13126832,-0.076571584,0.14551455,-0.25883758,0.49404848,-0.22031233,0.5938519,-0.45184427,-0.330072,-0.29247895,-0.001599324,0.25959712,-0.31145394,0.1519624,0.17677514,0.28472158,0.14084159,-0.097953774,0.14862792,-0.08622088,-0.18173775,0.18113084,-0.3930183,-0.36713168,-0.2292089,0.107701585,0.27661932,0.18667951,0.54802626,-0.34347823,-0.20488527,0.010308079,0.11245436,-0.2952213,50.0
TATG,0.48091757,-0.40141758,0.16372119,-0.18978108,-0.29366302,0.18299678,-0.09235962,-0.23252288,-0.2779506,0.0048684683,-0.49631646,-0.14569488,-0.056620285,-0.5217271,-0.44439635,0.33032584,0.01163054,0.13762063,-0.21542576,0.19731744,-0.020111857,0.11570157,-0.2886207,0.02706002,0.29094705,-0.11073968,-0.049686123,-0.21301326,-0.2596723,-0.07605685,0.2942513,0.43277264,0.1727043,-0.028372312,-0.032862257,-0.24705982,0.3590828,-0.09788436,-0.34528142,-0.069382094,0.05306024,0.27532566,-0.25875393,-0.14793031,0.06816022,0.20576972,-0.0011067073,-0.4210873,0.16795643,-0.21525942,0.049733087,-0.21557963,-0.17875206,-0.34266984,0.1589954,0.43362758,0.26932666,-0.30177215,0.7335359,-0.3226871,-0.451157,-0.22775874,0.3266261,-0.1393442,25.0
TTAA,-0.10845843,-0.122795984,0.19525778,-0.36571264,-0.17262723,0.12568577,0.018099722,0.139782,-0.1832022,0.13941896,-0.43318313,-0.011380772,0.16590053,0.00857308,-0.16376214,0.23907481,0.59582734,-0.26916632,0.006585041,0.24795297,0.19880159,0.43257794,0.114774115,-0.043028787,0.12390003,-0.23589295,0.35104105,-0.54144347,-0.32232353,0.50506157,-0.23558217,0.08622046,0.13989627,-0.11148898,-0.49878436,-0.33304474,0.36288732,-0.15270698,-0.4756466,0.3172489,0.18177642,0.3834107,0.26574212,0.03183212,0.16710584,0.4321089,0.01785259,-0.19510019,-0.3196792,-0.43197247,0.10322811,-0.14589557,-0.025585918,-0.6880332,-0.039526347,-0.19142655,-0.24114493,-0.15448269,0.3246283,0.33724084,-0.32339275,0.17931744,0.18167776,-0.24603784,0.0
TCAA,-0.095286414,0.020408146,0.079940885,-0.6978731,-0.285443,0.29659706,0.010904986,0.23167334,-0.16964392,-0.033472247,-0.25637066,-0.06320811,0.2867016,0.08116712,-0.25039545,-0.18108453,-0.36638802,0.21480875,-0.017982155,0.24228318,0.26489758,0.218218,-0.345374,0.14022252,0.09397181,0.23187396,0.17385106,-0.3233229,-0.38706124,0.4221308,-0.083084755,-0.17503023,0.30294558,0.035730384,-0.36832672,-0.14541963,0.47730902,0.21367341,-0.13737023,0.1778452,-0.38831538,0.42031378,-0.09169182,-0.09946656,0.36476576,0.22049613,-0.11826234,0.17948633,-0.03346981,-0.7118299,-0.05904742,0.5364183,0.41539308,-0.15123715,-0.071581855,-0.11749878,-0.0060930806,0.28550547,-0.17356808,0.13131467,-0.09433618,0.3732569,0.036366973,-0.21004373,25.0
TGGT,0.45834237,-0.19967166,-0.031278364,-0.3453322,-0.3627013,0.082501344,-0.296047,0.06090186,-0.3903676,-0.2136504,-0.35685763,0.049472872,0.07543371,-0.19194043,-0.42924657,-0.15428229,0.32982433,0.36817008,-0.17436539,0.24973667,0.052972917,-0.3726036,-0.12356511,0.09659327,0.3013363,-0.07731624,-0.25327995,-0.14334269,-0.31789407,0.13904712,-0.1867171,0.013233126,-0.071449585,-0.19712327,0.2272352,0.12409672,0.548423,-0.0912981,-0.13440558,-0.1955458,-0.17193598,0.059038013,-0.35190788,0.12758018,0.07890944,0.3815684,0.16091149,-0.29568258,0.13931604,-0.31615838,-0.26367727,0.27455848,-0.41466513,-0.12094234,-0.09183716,-0.00049150083,0.09424458,0.2623696,0.38326624,-0.7388232,-0.19483542,0.0032502448,0.018598912,-0.1139324,50.0
GATG,0.39840516,-0.18601035,0.33538646,-0.16317657,-0.2945874,0.6080432,0.08444879,-0.11844509,-0.065936774,0.36590058,-0.37679827,-0.26110598,-0.008975223,-0.4677694,-0.23751801,-0.037470758,0.0047703953,0.21252331,-0.116331376,-0.08901916,0.11183128,0.044613726,-0.109590426,-0.20913473,0.61873096,-0.15328856,-0.14737068,0.102590315,-0.02473941,-0.2255761,0.22158471,0.033052094,0.20210381,0.065114185,0.09178753,-0.43885052,0.2694594,-0.11528577,0.00062860444,-0.14310628,-0.14476247,0.1387985,0.017958704,0.29388106,0.24402069,0.14257793,0.26004323,-0.20870304,0.061896607,-0.53676456,-0.19593424,0.28763464,-0.4386772,-0.2888719,0.2105609,0.22291313,0.56218666,-0.2984839,0.43575346,-0.59985733,-0.13994634,-0.18440634,0.19529364,0.01389304,50.0
GATA,0.34029126,-0.3063598,0.4648084,0.13689348,-0.02741845,0.41653675,-0.08087179,0.071020626,-0.02777412,0.19414485,-0.15296598,-0.090275414,0.21273315,-0.5254496,-0.11762888,0.3716829,0.19167736,0.33414394,-0.0049266727,-0.28306764,-0.19568464,0.38006657,0.044809002,-0.14078389,-0.013330653,-0.3309471,-0.10337496,-0.17045625,-0.14788494,-0.019559246,0.014984396,-0.13351332,0.13163643,0.37665582,-0.16518968,-0.4367429,0.090032406,-0.27220562,-0.09622799,-0.091406554,-0.14294508,0.031569637,0.23716146,0.30855528,0.33157817,0.2344363,0.32247874,-0.65398616,-0.5019923,-0.54504657,0.114176214,-0.015689217,-0.3434186,-0.14842834,0.2866086,0.5146887,0.27712432,-0.30199873,0.5604179,-0.08567228,-0.33807212,0.09678525,0.13465217,0.09981834,25.0
TAAG,0.13412333,-0.37635446,0.1300964,0.15958983,0.26304743,0.4161854,0.1845083,0.10965787,0.21876559,0.030623296,-0.5132455,-0.25580665,0.21085922,-0.16363117,-0.14364462,0.21493779,0.5589127,-0.15030484,-0.084511764,0.0018613402,0.19352384,0.18994863,0.0893197,0.1899751,0.054034747,-0.24108653,0.11249493,-0.45891964,-0.47141346,0.39988476,-0.26830432,0.08896514,-0.2844943,0.011594701,-0.2565937,-0.22258587,0.36172196,-0.35436735,-0.21071321,0.18880159,0.10914893,0.3376532,0.052431107,0.03557974,0.5169924,0.529316,-0.17380457,-0.33522946,-0.10590043,-0.47229475,0.37891313,0.097565286,0.05680772,-0.27481973,-0.4880212,-0.03430437,-0.12687482,0.03646449,0.5916567,0.15132993,0.044293866,0.18335761,0.3678369,-0.17034242,25.0
ACTT,0.07778212,-0.07083281,0.18206272,-0.7544227,-0.21093349,-0.327098,0.203808,0.18169501,-0.16885018,0.11113742,-0.20359716,0.5416343,0.4931286,0.41214103,0.18019503,0.115851805,-0.021490736,0.07164961,0.17168418,0.45788935,0.044597223,0.19530277,-0.056007475,0.2035724,0.06862589,0.060559075,-0.063367546,-0.21856856,-0.3480315,0.06522148,-0.29269633,0.22189851,-0.1107725,-0.13907734,-0.28814465,-0.24413295,0.32458764,0.14827345,-0.22371924,-0.055049405,0.0060132407,0.31902522,0.06338393,0.28019047,0.06709445,0.11619053,-0.13264224,-0.40228882,-0.587418,-0.38232306,0.15861835,-0.023705663,-0.3979308,-0.28770134,-0.16630143,-0.3376039,-0.17087792,-0.11411723,0.3125312,-0.39788595,-0.07259496,0.46783075,-0.08731017,-0.48927146,25.0
AGTT,0.18855977,-0.050130423,0.06008789,-0.1338591,0.19710165,-0.17484573,-0.35204092,0.05840808,0.2055381,0.44975668,-0.60829955,0.2674947,0.22222756,-0.27184123,-0.053105813,-0.01501256,0.61111075,0.22141635,-0.14948437,0.16745329,0.21508686,0.025588388,0.3343839,0.009542589,0.1001656,-0.35693115,0.27364,-0.19651726,0.02838525,0.39789203,-0.58017206,-0.05437998,-0.0034765315,-0.15202494,-0.09210663,-0.009982636,0.57322013,-0.30706602,-0.36103517,0.057170656,0.3124807,0.21146616,-0.06761037,0.0538643,0.7379142,0.4963533,-0.06209848,-0.35769105,-0.40019894,-0.1091243,-0.02559951,0.14690349,-0.28737375,-0.16691872,-0.4686317,-0.061028536,-0.12735353,0.28891227,0.33826485,0.16412245,-0.2253096,0.1706652,-0.014421569,-0.3671412,25.0
ATTG,0.10281537,-0.31750295,0.30220777,-0.33826396,-0.14563924,-0.027502425,-0.14170939,0.16180483,0.09578481,-0.16443413,-0.74061394,0.122091606,-0.0081210965,-0.20953108,-0.094110884,0.1433385,0.04978806,0.2772889,-0.28072515,-0.17031898,0.17937155,-0.20941764,0.114639446,0.06126825,0.21769403,-0.019672036,-0.025526049,0.0352965,-0.1356531,-0.02647614,0.21835142,0.16138834,0.47727016,-0.019460374,-0.2571518,0.09113969,0.7277782,-0.09535768,-0.27204892,-0.10075308,0.40053627,0.2470778,0.357852,0.20125179,0.57981026,-0.02522685,0.15035827,-0.21702994,-0.40046856,-0.30010203,-0.06449858,0.21150824,-0.39544302,-0.6428885,0.27814895,0.3846842,0.043633748,-0.121469215,0.36668226,-0.28332654,-0.23129906,0.1703501,0.19445369,0.049868517,25.0
TCTC,0.063267365,0.016137527,-0.08044012,-0.4057779,-0.25542864,-0.11963659,0.026345966,0.39514187,-0.13412277,0.27426693,0.17785352,0.29278475,0.21000089,-0.49445596,-0.06845849,-0.24185826,-0.31221434,0.0072395923,-0.08543788,0.5428803,0.50836873,0.17539574,-0.78230846,-0.12802073,0.547986,0.00011710363,0.17809784,-0.28110594,-0.36103132,0.08462639,-0.20180163,-0.06434002,-0.122347884,0.2866233,0.22604074,-0.16292068,0.45930204,0.061833527,-0.3486292,-0.15081142,-0.3839418,0.39778894,-0.05463484,-0.15123013,-0.2363294,0.069176115,-0.32857385,-0.52279335,-0.14325961,-0.54974186,-0.036418714,0.041865487,0.3848057,-0.006605073,-0.4095895,0.09829979,0.2754217,0.027739886,-0.3078854,-0.22376773,-0.1520001,0.6222698,0.12453769,-0.3404209,50.0
TTTC,0.14457537,-0.10144614,-0.0004467676,-0.51188433,-0.16358429,-0.0051090764,-0.044413272,0.611871,0.031104835,0.19926833,-0.18517493,0.6436815,0.3785267,-0.21017347,-0.2647382,0.11028836,0.35398227,0.6520079,-0.20939803,0.323033,0.53422505,0.037872683,-0.26234275,-0.08108576,0.38916293,-0.05693216,0.56651926,-0.16493647,-0.23625748,0.010746135,-0.30580792,0.051213052,0.18973985,-0.08272651,-0.07682794,0.26403162,0.5862026,0.1196465,-0.4953604,-0.181276,0.0006154296,0.13428393,0.15379255,0.23388566,0.11571596,0.33326143,-0.105102174,-0.06967291,-0.38396296,-0.21136582,-0.068373404,-0.21383226,0.08258801,-0.57388145,0.02799135,-0.580975,-0.00645989,0.23393908,-0.06208882,0.09880533,-0.15602033,0.4080674,-0.04051156,-0.28116497,25.0
CGAA,-0.18739298,-0.29705554,0.29825792,-0.49850184,0.0035051866,0.32681277,0.38082373,0.16774336,-0.123557284,0.1333738,-0.25845906,-0.502647,0.21646692,0.05448542,-0.2549163,0.08315708,-0.17435634,0.4546,-0.027352525,0.23711899,0.18403749,0.046166386,0.22799106,-0.012765603,0.1969374,0.23555954,-0.07154039,-0.33350992,0.27018306,0.19501276,-0.15910885,0.08339228,-0.14820084,-0.06405856,-0.22721425,-0.6685003,0.11419886,0.074147254,-0.14325246,0.26732254,-0.65768343,-0.032019418,0.4932535,0.33282873,0.44669253,0.46139944,0.3195849,-0.06532686,-0.26973596,-0.60038644,0.18348432,0.3460051,-0.016532568,-0.19205806,-0.5110809,-0.12157401,0.31031087,-0.38156012,0.12490526,0.031974386,-0.3452998,0.08688722,-0.14724287,0.36829996,50.0
TTCT,0.030088548,-0.186541,-0.15129438,-0.3924486,-0.42157498,-0.20930094,0.12886001,0.49625766,-0.025594203,0.08135197,-0.3952845,0.64563626,0.2878726,-0.36290637,-0.006976052,-0.14637192,0.07910045,0.31153324,-0.085121006,0.6308064,0.3921173,0.10980661,-0.46039236,0.21457873,0.22207996,-0.018410435,0.011156088,-0.34342778,-0.23104301,0.14180122,-0.3892726,0.33932763,0.025097873,0.172728,-0.2066693,-0.0589561,0.4921381,0.09466856,-0.65996164,-0.2114067,-0.024454521,0.6624582,0.06141503,0.029014437,0.22539876,-0.20069471,-0.36677086,-0.3275538,-0.050959513,-0.31630537,-0.12893751,-0.27007768,-0.16559492,-0.43442747,-0.120900095,-0.21830809,-0.09678036,0.26109016,0.07465842,-0.25090876,-0.30342042,0.40119278,-0.09640874,-0.5375983,25.0
CTAA,0.10696649,-0.38380733,0.18113896,-0.38400185,-0.27543283,0.18875071,0.13523975,0.009359978,-0.43953145,-0.13233514,-0.2710296,-0.26772058,0.25915992,-0.12462978,-0.286739,-0.064677425,0.036720578,-0.37325034,0.12754412,0.4255181,0.08327203,0.4721599,-0.3471094,-0.14385898,-0.06891248,-0.3395823,0.23267521,-0.37581196,-0.33128572,0.34272763,-0.2475579,0.17064866,-0.13430108,0.13195592,-0.45843643,-0.39943168,0.20597197,-0.098632716,-0.07184475,0.3351289,-0.086826794,0.2457897,-0.11678222,-0.24462898,-0.020019853,0.066106394,-0.22774997,-0.547387,0.0671193,-0.71059203,0.19435146,-0.115083106,0.22391759,-0.051719707,-0.3950545,0.23995377,-0.19857237,-0.13872851,0.20998542,0.21893449,-0.25049257,0.1422107,0.41746247,-0.1650679,25.0
CATT,-0.0010102651,0.02759744,-0.03201202,-0.44057065,0.13077898,-0.0371094,-0.084315754,0.46833393,0.2214808,0.44430396,-0.19367585,0.6188053,0.16300274,-0.3042883,0.101884104,0.038758177,-0.0040366813,0.47809714,-0.31611118,-0.02959645,0.2642004,0.39756683,0.11904795,-0.04097991,0.5445221,-0.05022366,0.32301036,0.038965132,-0.21330072,-0.055942282,0.23192276,0.16180411,0.5448065,0.24096566,-0.24943373,0.37068066,0.92428344,-0.10637584,-0.34733078,-0.213609,0.19685459,0.23532675,0.04307892,0.21738626,0.13528058,0.25449583,-0.04236352,-0.04964928,-0.5809709,-0.29915252,-0.13117427,0.15322033,-0.03352834,-0.65308553,0.35064647,0.25736526,-0.001668767,-0.09501011,0.0037844179,-0.16825473,-0.07779064,0.42843497,0.07005109,-0.33905086,25.0
TCAC,0.1544216,-0.013739496,0.12068522,-0.6251072,-0.3911495,0.14532578,-0.061985932,0.47517806,-0.28649557,0.17013967,0.060048304,0.47658542,0.3892667,-0.092837915,0.05271352,-0.24252093,-0.43778977,0.5257803,-0.25145587,0.05998259,0.044299677,0.09205692,-0.38145417,0.10501349,0.08631783,-0.11930523,0.0054770494,0.23189054,-0.15551382,0.21311167,-0.011684142,-0.083532915,0.18513025,0.11881375,-0.01793818,-0.08219686,0.31039578,-0.04746465,-0.19839664,-0.19860263,-0.5541468,0.2915977,-0.5179121,0.24583316,0.20000404,-0.006317225,-0.06566835,-0.41832832,-0.28615248,-0.64953935,0.09926137,0.22928916,0.27056918,0.07880777,-0.2684649,-0.22400787,-0.14457883,0.19422281,-0.1780546,-0.040091876,0.1940818,0.51732475,-0.35927415,-0.3560162,50.0
ATAG,0.4554099,-0.15558082,0.08767499,0.07474414,0.39835116,0.20552245,-0.18888117,0.11142343,0.109697945,0.19857588,-0.2080941,-0.12228648,0.18038265,-0.33601457,-0.1927719,0.4307498,0.04117664,0.086878955,0.00045519235,-0.41430324,0.20800407,0.5957601,-0.37653834,-0.072231576,-0.03930948,-0.20085433,-0.034461208,-0.25631452,-0.22292885,0.17496884,0.14880244,-0.17131053,-0.06594437,0.0793495,-0.11043741,-0.27118033,0.31541958,-0.46724,-0.13317087,0.07888831,-0.25502586,0.19649427,-0.25910434,0.20102811,0.457399,0.6321252,0.09863378,-0.654186,-0.30751443,-0.40070888,0.26525533,-0.04085428,0.15431117,-0.22622016,0.085394315,0.3960493,0.07369731,0.10262423,0.47546503,-0.017327266,-0.034687463,0.006285336,0.28785267,0.045062173,25.0
CATA,0.18305291,0.0037786346,0.14628911,-0.09347281,0.14880824,0.1964759,-0.21641558,0.08663932,-0.08755904,0.34072092,0.2317814,0.3634282,0.179084,-0.35776824,0.20708095,0.28695473,-0.30311987,0.31143183,-0.1106164,-0.2775013,-0.026959628,0.46899357,-0.25935602,0.056193355,0.22120151,-0.3760493,0.03858088,-0.10447693,-0.3704466,0.025493985,0.37651688,0.007651395,0.34398708,0.398454,-0.1883728,-0.050428685,0.5770625,-0.14058127,-0.23520742,0.053191766,-0.043957833,0.1699866,-0.33746675,0.07141849,0.10755203,0.33701974,-0.11071092,-0.4078052,-0.37958655,-0.49884826,0.20809335,0.1266797,0.3707343,-0.09020372,0.28806868,0.7043446,0.04403313,-0.112746865,0.3974532,0.09479801,-0.14884911,0.54983634,0.35273197,-0.11228346,25.0
ATGG,0.2228667,-0.31771445,0.36206183,-0.15967481,-0.08456889,0.45548928,-0.23585194,-0.16539674,-0.25465894,-0.19172277,-0.51393324,-0.28099087,0.30943638,-0.16537832,0.08815409,0.21412069,-0.18455991,0.1352757,0.13192807,0.06180898,0.1307369,-0.03026288,-0.07592734,-0.12174871,0.30132106,-0.26334572,0.059306514,-0.26319495,-0.24467033,-0.03841613,0.20521234,-0.034658507,0.19491364,0.021422027,0.15142025,-0.047458846,0.5423689,-0.057495672,-0.1932639,-0.023189096,0.068993084,-0.013202302,-0.31477794,0.06751448,0.1147071,0.030639777,0.24929757,-0.58012754,0.20547396,-0.38983947,-0.2705767,0.029396793,-0.20172001,-0.39750102,0.3321839,0.1432221,0.39167535,-0.17433955,0.27109823,-0.76944786,-0.1614381,0.011795544,0.3907306,0.0888144,50.0
AGAT,0.4380142,-0.025797704,0.35063803,-0.21999379,0.29444999,0.6998339,-0.028685894,0.13562828,0.11750599,0.38893992,-0.51750094,-0.36728033,0.3066759,-0.6938935,0.16068885,0.23015755,-0.18298373,0.032072093,0.10331708,-0.11485828,0.25538233,0.4371378,-0.25940916,-0.04220665,0.20182683,0.1854555,-0.21149918,-0.15010306,-0.17669317,-0.028216751,0.09217746,-0.1862934,-0.0010075261,0.20247191,-0.0031968066,-0.14506567,0.25149992,-0.26396984,-0.09121966,0.0318923,-0.040438045,0.16473664,0.21828593,0.10204786,0.32296053,0.45801485,0.051197995,-0.535831,-0.1108155,-0.5020238,0.15881754,0.14407262,-0.15151463,-0.10925174,0.103259906,0.35106504,0.10347075,-0.30352792,0.39538616,-0.2531131,0.16890016,0.06895659,0.07654162,-0.43138176,25.0
TAAT,0.07868184,-0.29685062,0.16044489,-0.14407584,-0.46153483,0.45066616,0.13643473,0.17673588,-0.19841762,-0.33839726,-0.1858794,-0.16034044,0.116735704,-0.3396039,-0.3029514,0.5878998,0.30262044,-0.17887482,-0.048981898,0.18723808,0.16607322,0.31971103,-0.2171358,-0.029213795,0.02119657,-0.24440467,0.23491922,-0.69816697,-0.47698113,0.4217085,0.08785252,0.18707857,0.04661489,0.22696358,-0.34373888,-0.32643437,0.5056666,0.075206466,-0.6587421,0.16352555,-0.049812544,0.35178897,-0.16884625,-0.07967228,0.1599104,0.14782248,0.031104892,-0.29496652,-0.18386881,-0.5534321,-0.39629734,-0.018045748,0.34245723,-0.37404603,0.20390783,0.17658353,-0.0210432,-0.10382875,0.4453864,-0.075009026,-0.5392288,0.12870558,0.33709306,-0.18588924,0.0
TTTG,0.04184777,-0.36420855,0.27199423,-0.525151,-0.12447203,-0.09697815,-0.1371112,0.04510009,-0.12795654,-0.10208285,-0.6388972,0.43878296,0.17343232,0.14451413,-0.2151309,0.07953171,0.50467956,0.5123698,-0.19128668,0.24582504,0.2113381,-0.33895704,0.16477223,-0.045009922,0.45930284,-0.20464219,0.14699912,0.026820742,-0.14327408,-0.09287107,-0.23690715,0.21786995,0.26527953,-0.19340843,0.024919342,0.18028122,0.69601077,0.00019676593,-0.13606124,-0.26281193,0.36921278,0.021363504,0.37495515,0.2774506,0.37033492,0.20975903,-0.03650743,-0.1776732,-0.28666672,-0.15768385,-0.27391717,-0.07190115,-0.5449738,-0.8078824,-0.012179806,-0.2799678,0.0069270274,-0.16590141,0.2288726,-0.4097087,-0.15767874,0.32539183,0.04763306,0.1026134,25.0
ATAT,0.37532628,-0.15444498,0.30714196,-0.10710377,0.034464177,0.11818727,-0.14528197,0.22922544,-0.16907333,0.017258046,-0.15728804,-0.08323573,0.31836933,-0.6172984,0.0050981278,0.69588494,-0.07930315,0.38372502,-0.09979844,-0.35773733,0.040133636,0.41250086,-0.24741523,-0.27489853,0.052475575,-0.17594329,-0.06252417,-0.49420717,-0.26496753,-0.109067954,0.3562671,0.11351569,0.23181412,0.22854392,-0.1432367,-0.1606382,0.32321486,-0.22806165,-0.53929543,0.045749363,-0.21260336,0.32477844,-0.18655556,0.14362822,0.21509632,0.31454682,0.070285425,-0.45426008,-0.38349578,-0.39217615,-0.054570414,-0.110142216,0.08691852,-0.3928792,0.32554558,0.5652087,0.03147133,-0.22466004,0.55136883,-0.08195632,-0.35605857,0.077595726,0.3684774,-0.079309985,0.0
GTAA,-0.017222064,-0.38814864,0.09959917,-0.4067203,-0.403321,0.36499318,-0.1505563,-0.1851066,-0.5252186,0.015293774,-0.35175923,-0.44001994,-0.09550717,0.14292331,-0.40823352,0.17460518,0.5293689,-0.09324293,0.09515294,0.059862535,-0.2635601,0.15812221,-0.15214251,0.1252407,0.121863686,-0.12071146,0.09899576,-0.34099576,-0.1884159,0.55612457,-0.34857333,-0.12064357,0.016570792,0.055473804,-0.124404,-0.44509223,0.39768174,-0.22278793,-0.10796734,0.2716851,-0.02318525,0.28646544,-0.15827174,0.05763571,0.18574178,0.43560055,0.13018557,-0.24981324,-0.22745016,-0.40114266,0.25091714,0.32290423,0.056568377,-0.139692,-0.264118,0.12987132,-0.19333707,0.31950235,0.48108363,0.32077554,-0.24180864,0.059946816,0.42715412,-0.2653106,25.0
CCTT,0.31844074,-0.41425672,0.058957133,-0.36787343,-0.18488686,-0.4454191,-0.037802763,0.1755546,-0.04305978,-0.08970121,-0.5156836,0.5587494,0.13466461,-0.05806683,-0.1388035,-0.077240735,0.10915599,0.48239872,-0.125549,0.365635,0.2618945,-0.021437796,-0.21027522,-0.15016977,-0.15385266,-0.2660301,-0.05685897,-0.16128393,-0.4612203,-0.12925461,-0.31704196,0.326571,0.08598257,-0.0070768567,-0.17604822,0.34699735,0.47287148,-0.07009214,-0.22177936,-0.18880914,0.41353515,0.038098127,0.16077581,-0.091412656,-0.07521871,0.08741584,-0.3938556,-0.20062858,-0.42791492,-0.12832887,0.14477454,-0.0267154,-0.43229887,-0.33633545,-0.38738558,-0.2494671,-0.105764985,-0.46837005,0.07341945,-0.44482428,-0.25990123,0.48724887,0.061109453,-0.2107738,50.0
CTTT,0.20011641,-0.29566804,0.24642889,-0.6909932,-0.08234808,-0.28661564,0.18256824,0.48352468,-0.23025794,0.05757306,-0.42367637,0.4415293,0.3708889,0.08557754,-0.08667233,0.14159985,0.2980541,0.590526,-0.24623217,0.5767836,0.21143638,-0.20610698,-0.16007333,-0.08494759,0.2130844,-0.24500507,0.24787417,0.024082337,-0.1284565,-0.089939736,-0.17451769,0.296876,-0.021772029,-0.010475801,-0.14360756,0.13696437,0.5506384,0.103343345,-0.3810594,-0.13454764,0.119713776,0.12962791,0.07495923,0.09351314,0.0068761185,-0.02088815,-0.1965143,-0.12283449,-0.33134356,-0.18807638,0.1452609,-0.41982275,-0.26200846,-0.6587555,-0.059863806,-0.5522975,-0.21754926,-0.2905696,0.19215535,-0.09450046,0.00036818397,0.41938835,-0.0046269265,-0.094801925,25.0
TACT,-0.011997439,-0.15817413,0.050189275,-0.46308064,-0.48208195,-0.3290595,-0.023389975,0.3241079,-0.17361538,-0.28699192,-0.1747565,0.24594529,0.17373489,-0.3506473,-0.040026415,0.25024378,0.0856829,0.057481203,-0.2425938,0.43873948,-0.18966754,-0.19272545,-0.17234549,0.19994792,0.046254303,-0.41050938,0.041454595,-0.23349908,-0.2705511,0.2065677,-0.12558526,0.1245262,-0.38904706,0.24318555,-0.18190196,-0.057642628,0.07499851,-0.12240567,-0.2762025,-0.049014285,-0.20834664,0.4232964,-0.4798217,0.18204464,0.077171095,0.2291864,-0.27688777,-0.8147285,-0.44930303,-0.4919516,0.20560202,-0.28987166,-0.15200675,0.09327124,-0.21237749,0.030707344,-0.27226624,0.18223858,0.45692375,-0.03171605,-0.33271548,0.379098,0.14639723,-0.1954026,25.0
GATT,0.24813485,-0.13576229,0.32474977,-0.26913044,-0.06535626,0.2899769,0.14884001,0.440165,0.15953512,0.29848,-0.49353316,0.21131885,0.2463759,-0.48098925,-0.14046374,0.13606475,0.3427417,0.4208767,-0.21761462,-0.030824225,0.1904465,0.29276142,0.3004588,-0.2189023,0.3007727,-0.17466478,0.047208615,-0.087028906,0.020415466,-0.19152299,0.037090026,0.07706857,0.31630835,0.17099813,-0.21302465,-0.090647966,0.37021592,-0.16430297,-0.2094538,-0.28244713,-0.006735854,0.043831855,0.44048643,0.47697496,0.30129462,0.25650415,0.26742664,-0.29357836,-0.64601135,-0.4163593,-0.09196104,-0.041600883,-0.55056363,-0.6556862,0.37167197,0.051993452,0.22767079,-0.2864023,0.12393035,-0.28103688,-0.25085926,-0.06572212,-0.15366474,-0.08755684,25.0
GCTA,0.43591037,-0.4067339,0.49534115,0.0016715599,-0.17154649,0.2412433,0.41156647,-0.11427674,-0.3719404,-0.12835799,-0.07069048,-0.13723145,0.29394528,-0.42074856,-0.29932112,0.29132643,-0.037377942,-0.064656645,0.27424985,0.4278207,0.10540218,0.0042361547,-0.37201673,0.015796326,0.057649344,-0.36501214,-0.33951116,-0.19423334,-0.28287345,0.22529909,0.20588362,0.4331855,0.047559984,0.14366566,-0.121402554,-0.2962134,0.261639,0.039388306,-0.15764128,0.20367314,0.06924103,0.35616416,-0.21567804,-0.026541818,0.12565096,0.27890474,-0.4018189,-0.5243489,0.29336184,-0.41863722,0.34556335,-0.22201918,0.19233309,-0.24711192,-0.21361944,0.0031475464,-0.022179581,-0.20708396,0.64062613,0.020777494,0.0016571783,0.14801525,0.34120375,0.21563919,50.0
ATTA,0.37735313,-0.10912607,0.32198918,-0.18069398,0.06633088,0.16124125,0.15388858,0.2961917,0.077035755,-0.002576497,-0.33658448,0.17805235,0.4857779,-0.26190928,0.065955676,0.5026078,0.06554079,0.06717597,-0.18597081,-0.11035968,0.05471077,0.09899375,-0.034035936,0.03811125,-0.10767319,-0.011657492,0.20928605,-0.4722788,-0.1042515,-0.08427846,0.011028973,0.011828922,0.15295638,-0.08213343,-0.4170294,-0.08137876,0.38936365,-0.14846018,-0.40159386,0.10662955,-0.0006903878,0.2678803,-0.04497149,0.078241915,0.4669326,0.27070728,0.30561393,-0.5229676,-0.76761794,-0.39693326,0.31088704,-0.22104819,-0.06244202,-0.64647985,0.373356,0.3010295,-0.088774785,-0.04384395,0.42429766,0.05474951,-0.26678178,0.22173391,0.32190353,-0.1852433,0.0
TTTA,0.21250449,-0.11658915,0.19430426,-0.40779063,0.005491964,-0.022080692,0.08985325,0.23645218,-0.16142379,0.13971019,-0.24792859,0.5534818,0.5101288,-0.049594898,0.1066271,0.5043843,0.46251488,0.28402305,-0.14317706,0.20402618,0.038191732,0.067632936,0.103075966,-0.16971979,0.06477608,-0.17720634,0.45145506,-0.45363703,-0.050902873,0.014968867,-0.26864174,0.16832423,0.09038985,-0.11840838,-0.3631539,-0.019552607,0.48512733,-0.031505063,-0.41569713,-0.048093613,0.0762297,0.2812036,0.019501826,0.11731716,0.34358686,0.38746297,0.03040892,-0.3970785,-0.6737449,-0.19719985,0.06670319,-0.45318255,-0.18344033,-0.8213273,0.12785365,-0.0978337,-0.34262446,-0.11473016,0.43450275,0.22730465,-0.18901269,0.40323338,0.16347991,-0.32702562,0.0
CACA,-0.23864554,0.11182776,0.35515663,-0.38824898,0.0042469925,0.24844915,-0.032048844,-0.09676078,-0.5595367,0.2865767,0.39148477,0.21224242,0.013955975,0.4044832,0.21668895,-0.1840351,-0.39306498,0.51621073,-0.06018407,-0.047774613,-0.014670802,0.38398677,-0.23291443,-0.2766982,0.4422358,-0.33790517,0.0002732253,0.12541847,-0.13077892,0.14373341,0.18107852,0.08252514,0.18764402,0.0069836034,-0.20165722,-0.1784593,0.5854351,0.039040256,0.11554188,0.117149964,-0.3456617,0.13902274,-0.4648861,0.04735598,0.46003982,0.05203464,-0.36335889,-0.11537806,-0.17394009,-0.68181396,0.25605035,0.5051764,-0.02940853,-0.028655283,-0.08858484,-0.14453544,-0.27357495,-0.2588958,0.01363267,-0.20978518,0.029383466,0.7195249,0.42206806,-0.36813918,50.0
TTGT,0.24322547,-0.3157756,-0.11076891,-0.22877419,-0.1892591,-0.35234994,-0.2672452,-0.0059667397,-0.19715427,0.07060708,-0.61289096,0.28823444,-0.11898642,-0.1483628,-0.30121377,0.01685885,0.3946035,0.45218712,-0.31080967,0.46660376,0.1602357,-0.067336306,-0.036140095,0.23645332,0.30011633,-0.16241966,0.1513696,-0.20069535,-0.34499142,0.2935161,-0.45707574,0.11665611,0.26732367,-0.2349831,0.12114574,-0.011297783,0.81874627,-0.27009758,-0.50073135,-0.27594104,0.31460252,0.22526816,-0.057831056,0.041414496,0.087871715,0.08330684,-0.02465622,-0.18164636,-0.012979841,0.005769247,-0.37516826,0.06658973,-0.4918919,-0.36895293,-0.06199177,0.11636599,0.070196286,-0.029792828,0.6765207,-0.2447061,-0.32712215,0.10445546,0.056226384,-0.43702123,25.0
ACAA,-0.40076694,-0.020775612,0.3830482,-0.6315547,-0.04696992,0.10538372,0.08208505,-0.252915,-0.3824396,0.07812786,0.077801995,-0.2113571,0.04611131,0.30260327,0.16340074,-0.042307984,-0.23435774,0.08272358,-0.08196447,0.22927591,-0.25902808,0.3187032,0.1979724,0.032771327,0.15566191,-0.032667473,0.09888782,-0.19680706,-0.01629937,0.31394234,0.0616243,0.026083004,0.09152905,0.120027244,-0.17919292,-0.40438652,0.6821471,-0.071807876,0.03918928,0.42052868,-0.2799853,0.29982948,-0.24632315,-0.025418775,0.43096912,0.3672269,-0.22455241,-0.021585817,-0.22556275,-0.8077864,0.24822997,0.44705743,0.19604814,-0.18531993,-0.09135516,-0.00609053,-0.3867839,-0.16903909,0.28754663,0.032664582,-0.18153064,0.32542503,0.48316187,0.059997924,25.0
ATTT,0.217173,-0.23541598,0.21766527,-0.5081519,-0.015493699,0.11021343,-0.060420986,0.4483505,0.10937498,0.0947311,-0.5336691,0.2337804,0.29854736,-0.18037167,0.027389336,0.24089722,0.26911974,0.36447608,-0.23276767,-0.008943041,0.33111128,0.06745063,0.0987975,-0.069470294,0.10445057,-0.06770463,0.4114797,-0.0927556,-0.18848774,-0.13360277,0.18611869,0.23386243,0.3593986,-0.0731706,-0.42157462,0.19388689,0.6735967,-0.07119851,-0.58937323,-0.03391144,0.13503058,0.31927544,0.3441952,0.23842314,0.46353355,-0.04971828,0.1573708,-0.15889329,-0.6688838,-0.2808225,0.032535736,-0.103403926,-0.19339429,-0.9855151,0.3658127,-0.15019488,-0.0024981154,-0.043713167,0.24451506,0.005997556,-0.16891253,0.21072339,0.2769402,-0.23151155,0.0
GAAT,0.0040108054,-0.2571302,0.32634127,-0.60701245,-0.22490029,0.48606881,0.11878356,0.08808613,0.08005943,0.00036609045,-0.535845,-0.10228764,-0.10677162,-0.2630331,-0.25824258,0.18041763,-0.1227903,-0.06553441,0.03068842,0.035748694,0.17829834,0.11216729,-0.001888609,-0.047881197,0.16776451,-0.029675782,0.10797415,-0.3583978,-0.048412073,0.33818856,0.113392204,-0.067152634,0.062423144,0.21274826,-0.25211194,-0.56008077,0.25746563,-0.10900726,-0.2624081,0.061401468,-0.2675771,0.37773257,0.22789149,0.11669807,0.44600093,0.07435581,0.34243214,-0.2378843,-0.14702825,-0.6188381,-0.43882254,0.029641792,-0.1035791,-0.2673099,0.272297,0.011466425,0.2180591,-0.23784906,0.2421073,-0.28142312,-0.19867767,0.08281761,-0.0007229605,0.034507964,25.0
TGTC,0.1020703,0.067554474,-0.33501425,-0.240791,-0.5623402,-0.092952095,-0.121556036,0.20893507,-0.23153144,0.23926334,-0.1815117,0.098759405,0.013245563,-0.24532896,-0.25520262,-0.22460681,0.007769406,0.36972898,-0.2040048,0.28908205,0.12584344,0.0430511,-0.49374792,0.14425409,0.64515823,0.12229004,-0.11425342,-0.2819855,-0.082975864,0.50692433,-0.31122288,0.028256249,0.15452094,0.013907506,0.15918323,0.07866264,0.6975229,-0.17101875,-0.32139966,-0.07453453,0.030204235,0.36200058,-0.39829946,-0.08467788,-0.08706431,0.045439452,0.15280119,0.020868847,0.12136383,-0.29195035,-0.4023299,0.520864,0.048092127,-0.16987613,-0.38304192,0.24103794,0.41753376,0.028591946,0.09610469,-0.4281591,-0.3275662,0.37143552,-0.23446165,-0.36831057,50.0
CAAT,-0.12677433,-0.11884177,0.337402,-0.42332706,-0.34891108,0.29526296,-0.14783008,0.03485974,-0.1393892,-0.1881954,-0.19699058,-0.06386661,-0.04661685,0.1423772,-0.20702416,0.07881097,-0.11949404,0.22851284,-0.34007084,0.003975434,0.4394657,0.22191668,-0.17060365,-0.20772514,0.2562553,-0.34013358,0.14658955,-0.124928944,-0.020163981,0.28764257,0.2897872,0.22115271,0.39133447,0.20416754,-0.23860934,-0.25166506,0.73286194,0.29782918,-0.3436532,0.32005906,-0.14507206,0.30601588,-0.19586492,-0.10103997,0.25981125,-0.012966415,0.02218379,0.15922357,0.020545298,-0.6941077,-0.29057747,0.3175016,0.30053607,-0.32930887,0.35940123,0.044416696,-0.09558772,-0.089961134,0.12738433,0.03287047,-0.26193497,0.3453915,0.34213212,0.081578314,25.0
TGAT,0.35443297,-0.22916599,0.2569801,-0.38057312,-0.27682698,0.41700706,-0.18690877,0.11046761,0.13615903,0.12549283,-0.39478064,0.03362544,-0.109298095,-0.5561478,0.1714211,0.34085825,-0.07497727,0.28951162,0.073192775,0.15166076,0.11634297,-0.009520047,-0.0021930507,-0.11045727,0.54803383,0.11803563,-0.27313444,-0.072817646,-0.17053844,0.0549446,0.35019886,0.22570989,0.2868677,0.118561745,-0.019207953,-0.20412396,0.58144444,-0.16820103,-0.29557294,-0.1791182,0.032665543,0.37719768,0.14730783,0.31738567,0.27141428,0.19892682,0.3772375,-0.11158033,-0.28224975,-0.30835587,-0.27241337,0.28161913,-0.45797896,-0.3352272,0.29780263,0.3864514,0.24845873,-0.29185605,0.5593224,-0.50635326,-0.06330193,-0.061317928,-0.06266552,-0.34618658,25.0
TATT,0.2683182,-0.21245493,0.015789896,-0.33220837,-0.079575054,-0.17149541,-0.043740228,0.31733853,0.019400088,0.032790724,-0.5436723,0.40089723,0.2713012,-0.4835864,-0.23057683,0.45080993,0.29848927,0.31832182,-0.2558083,0.08682366,-0.036662072,0.39099,-0.025622334,0.08781307,0.108538024,-0.09535299,0.10537936,-0.35184214,-0.28779933,0.025620554,0.0061578425,0.30168524,0.21230394,0.14389753,-0.30319157,0.10504417,0.50124985,-0.20859084,-0.4444622,-0.18736972,0.11509717,0.3145027,0.121256374,0.09959319,0.18745382,0.3970163,-0.0228738,-0.49445617,-0.4537997,-0.17327993,0.2144811,-0.33196947,-0.2782881,-0.6162634,0.27111456,0.2695347,-0.12798598,-0.0860474,0.5075827,-0.018216109,-0.35375658,0.056859992,-0.025529956,-0.43765002,0.0
AATT,-0.16113134,-0.14838226,0.34816915,-0.5791646,-0.28255692,0.22800566,0.02641768,0.17551169,0.06139673,-0.17629239,-0.614314,0.048893295,0.29110682,-0.10419306,-0.34163904,0.26582894,0.23062958,0.14657266,-0.064577326,0.22849947,0.19163258,0.35860604,0.39489105,0.040769488,0.11210932,0.25261346,0.19692357,-0.45875403,-0.22439465,0.26364657,0.088404246,0.41802877,0.3755849,0.113869905,-0.34439057,-0.039762493,0.6224412,-0.01941196,-0.30349922,-0.026996525,0.08631827,0.41488832,0.43729773,0.3156868,0.39883336,0.1997264,0.031529065,-0.13982718,-0.44065404,-0.4305443,-0.23876175,0.105744086,0.116966754,-0.61345494,0.3378914,0.07040635,-0.03719112,0.049203668,0.1397148,-0.1380755,-0.5828274,0.16908763,0.17891248,-0.030291786,0.0
TTAG,0.37822548,-0.10650697,0.02626014,-0.11535671,0.33070385,-0.2175388,-0.00327052,0.21155563,0.05905384,0.25206992,-0.40517735,0.3441785,0.16003607,0.010987002,-0.0984826,0.15209045,0.4750619,-0.06524483,-0.117765956,-0.02944705,0.31030008,0.50313014,-0.073163144,0.102851704,0.07048284,-0.28019705,0.15657634,-0.21506585,-0.3193406,0.23250282,-0.13121618,-0.025196843,0.012363721,-0.109366395,-0.14352216,-0.105272196,0.39496526,-0.42425978,-0.1433005,-0.08349446,0.21862108,0.19402091,0.03746563,0.16715066,0.27393484,0.51057094,-0.15891601,-0.7312101,-0.49377778,-0.1721161,0.34697247,-0.471396,-0.41331092,-0.5302214,0.069805935,-0.116194844,-0.17788099,0.0055299434,0.50680673,-0.055303473,0.0645785,0.22794117,0.036602546,-0.16491674,25.0
ATTC,0.08940211,-0.20046112,0.07319462,-0.45357427,-0.17392518,0.114534564,-0.13371801,0.71625525,0.2083345,-0.03584916,-0.32462463,0.28566155,0.2101925,-0.45634127,-0.1464018,0.07034341,-0.2534789,0.55423546,-0.2168659,0.015068508,0.4991038,0.08631591,-0.13412187,0.04629627,0.15131544,0.17244668,0.23130964,-0.15696158,-0.25929812,-0.17193481,0.0737803,0.111167386,0.44085577,0.09273071,-0.34765282,0.16857575,0.5800475,0.049678653,-0.5715193,-0.07485315,-0.021911362,0.3002354,0.20579967,0.17424592,0.25622243,-0.09711446,0.1811084,-0.10562356,-0.56394976,-0.42104253,-0.00025149333,0.039218783,-0.03140962,-0.30358413,0.3363984,-0.12694633,0.1474744,0.043701887,-0.099395715,-0.17924164,-0.36443093,0.25304344,0.092648685,-0.22657153,25.0
TAGA,0.26888555,-0.36077017,0.28316587,-0.21838461,0.25792062,-0.02760779,0.30618805,0.24912585,-0.009528935,0.35349637,-0.6650867,0.06273632,0.39480674,-0.448708,-0.078007124,0.0446167,0.013010353,-0.23052189,-0.03896366,-0.16481267,0.11027795,0.47754347,-0.34218076,0.027932413,0.0067337314,0.15273643,-0.23473527,-0.23867963,-0.14274065,0.23834617,-0.13994333,-0.07705827,-0.09095114,0.18953246,0.009569433,-0.29086435,0.29832485,-0.33994442,0.19418155,-0.17079538,-0.16524212,0.47770095,0.27147147,-0.15850407,0.31898883,0.24766102,-0.124112934,-0.67894477,-0.18783702,-0.33297855,0.45344552,-0.13360219,-0.3535641,-0.18724927,-0.26487872,0.3282942,-0.064622305,-0.0069060707,0.44354334,-0.20095374,0.11855896,0.08069067,0.1070847,-0.3079451,25.0
AATA,-0.029194627,-0.19437727,0.41506514,-0.2325652,-0.1451887,0.33441013,-0.17242543,-0.2490742,-0.2007631,-0.049254794,-0.16281949,-0.15499972,0.3138516,0.016416743,-0.22063039,0.48308778,0.062131077,0.16564342,-0.050068185,-0.09826848,-0.110623755,0.5658865,0.13126735,0.056191165,-0.17587543,-0.00816784,0.012268069,-0.5412367,-0.30699915,0.44959652,0.17048189,0.25264004,0.21005622,0.19536285,-0.35179043,-0.3098023,0.34879905,-0.18919176,-0.27142802,0.28394613,-0.11434785,0.23391697,-0.020146854,0.27230284,0.45349145,0.3033371,0.0931617,-0.4657352,-0.38770872,-0.58311814,0.099812075,0.110012084,0.4885148,-0.15211356,0.34076095,0.48604906,-0.06339756,0.06553872,0.5140435,0.18306254,-0.6813053,0.36199766,0.44495896,0.17962492,0.0
