id,label,dim_0,dim_1,dim_2,dim_3,dim_4,dim_5,dim_6,dim_7,dim_8,dim_9,dim_10,dim_11,dim_12,dim_13,dim_14,dim_15,dim_16,dim_17,dim_18,dim_19,dim_20,dim_21,dim_22,dim_23,dim_24,dim_25,dim_26,dim_27,dim_28,dim_29,dim_30,dim_31,dim_32,dim_33,dim_34,dim_35,dim_36,dim_37,dim_38,dim_39,dim_40,dim_41,dim_42,dim_43,dim_44,dim_45,dim_46,dim_47,dim_48,dim_49,dim_50,dim_51,dim_52,dim_53,dim_54,dim_55,dim_56,dim_57,dim_58,dim_59,dim_60,dim_61,dim_62,dim_63
SEQ_0001,healthy,0.15267248927182553,-0.1966765119300797,0.17349404575865066,-0.278598084623906,0.0390769382718819,0.06830495935680254,0.0023448498117560456,0.04734239336227104,-0.12400339609885809,0.163519169875784,-0.285492539002003,0.00012126403024463039,0.15648945335142297,-0.04032706030222572,-0.13076222062921547,0.042003170715414706,0.07477918351124004,0.25224514464536324,-0.04737780901992616,0.186640961971524,0.11358152153688868,0.11770755025856355,-0.0677661893018662,-0.012926776253622065,0.143977465762889,-0.10890213655909049,0.001598854810062961,-0.16563550869868376,-0.19775115204647564,0.20318617782660006,-0.11633662556894118,0.004200476431307621,0.0067792439782563005,0.04660716668929905,-0.11088429100812612,-0.1610271489233083,0.4080660733584863,-0.1436233262543193,-0.12392112262411337,0.05725142526834146,-0.05087704830007297,0.18215905115499184,-0.043409778845965155,0.10656664766659486,0.2634373304467145,0.25891154119216986,-0.003189447918859374,-0.35313923903036926,-0.2636412259574018,-0.405030681288909,0.0897104374387102,0.08356292650218332,-0.19068903841860232,-0.20244441684797299,-0.14668654666331118,-0.00018077679118660327,0.002375751611179233,-0.08489602438560997,0.2261783113290819,-0.19240321969873406,-0.12324026353887517,0.2385884405649017,0.1769786700570654,-0.07504156389439878
SEQ_0002,healthy,0.12408233318283432,-0.1584423876364331,0.19627536064321494,-0.25523132275887767,-0.07459313825908796,0.07051981170910444,-0.014039991579259687,0.09637523650269536,-0.20731274276632303,0.1723497441601236,-0.1636234499914816,0.05385313867677585,0.11911597961594945,-0.09987192655539341,-0.13976649256591953,0.0181022321599163,-0.029035511193657236,0.3229941414343256,-0.08076016276640618,0.23524490276836613,0.11979421760405906,0.07865420497650241,-0.20144709908504052,-0.0331609770033901,0.19685839269117353,-0.1442681174756825,-0.02295715814786227,-0.16182273630783076,-0.14951832044399313,0.17004903178363762,-0.04677356046546281,0.036676020243187946,0.040508987337449724,0.0594739804360544,-0.03534162219992863,-0.1905641377574088,0.41224841614529306,-0.1078528932313573,-0.177337596588943,0.016955769998794664,-0.1149976717711191,0.16932373069779222,-0.15658270941656058,0.07065768834114323,0.13693361826720793,0.20434022836318896,-0.03991990333616841,-0.3128493622520898,-0.19912267205796685,-0.42236284267077634,0.0772090639959417,0.07961557998763591,-0.03603756419122472,-0.192608972243327,-0.15020314324446143,-0.01609321134046432,0.05927658280939531,-0.11443074150226029,0.16186482013774292,-0.18508218733855367,-0.17552182085365417,0.2761597888981679,0.1394372003226338,-0.04998820393196509
SEQ_0003,disease,0.21624880236526534,-0.11396419371281329,0.1704648110997456,-0.2277824178217054,-0.03933530828205718,0.07927488861701092,-0.05994313836532819,0.12390653799353873,-0.18247496290189422,0.2292344711425923,-0.2063192099224895,0.01664935378403576,0.10601376552439291,-0.11683274075052258,-0.18283000308878927,-0.0484931502858614,-0.0061867030117733115,0.4419035536151113,-0.1307432822242828,0.1896633135479798,0.24213825209017464,0.03973776272917453,-0.2018591167209287,-0.041318524989039866,0.2204848748501214,-0.16098558591773915,-0.010535845889460785,-0.13708576095179492,-0.09552136348103235,0.14688729003189904,-0.061013348197151776,-0.02715718194869422,0.07621988709787164,-0.0013792806379043325,0.024678635312359407,-0.0646026748176462,0.4348310959150352,-0.09680326796748481,-0.19791764733235037,0.05499082623302574,-0.12050037077154542,0.06556286688371986,-0.1586260564128434,0.12806545784780757,0.14693426677394503,0.22560575472676914,0.0033253423388195074,-0.29257234742262406,-0.149806348960231,-0.38248950373237306,0.057998220640793255,0.14524803952180287,-0.013589224108944309,-0.18019303900874747,-0.14497244686210745,-0.05576476280141608,0.12331705926277134,-0.03651000804183859,0.10428146415664616,-0.210405071538882,-0.1651001986511115,0.23476243896156235,0.1033036857012127,0.04476989494487995
SEQ_0004,disease,0.14070918089014542,-0.2006057600288691,0.2289737229342687,-0.22798900554146967,0.027491584856972548,0.06848080270635248,-0.05818852385188285,0.07495931213155241,-0.15864479925329525,0.23207308482625957,-0.19281132127199113,-0.01776248873125825,0.05756126568505204,-0.08524433525119446,-0.18524169071105567,-0.030797376050221828,-0.045566973571081276,0.4686754994484497,-0.09388152221770635,0.2226627743384755,0.14559471991366396,0.05769662139313673,-0.12944675326535132,-0.10452592868833427,0.15861033023828605,-0.16316970120355126,-0.020388829435652085,-0.0915610366356888,-0.09316395008450976,0.12974966885527392,-0.056034839243079955,0.002307642709673684,0.04751707622703574,0.05479773117279545,-0.004563529732396335,-0.11644485970585082,0.415372699622175,-0.10776530524769809,-0.10963172414659142,0.10110505187550402,-0.08469605211805363,0.028028449181091743,-0.09013427304241015,0.08994739381635598,0.14428546306022222,0.23050041416114983,-0.026610740388206804,-0.2770976573630157,-0.2254171067487276,-0.4203711617995835,0.08632894696219175,0.16211686795086944,-0.09894583995902564,-0.15362830453043058,-0.1922675077610413,-0.06523695714434745,0.09968888682493696,-0.15767751373640934,0.07327938805310898,-0.22902653186261096,-0.18607467094880764,0.24036941166630219,0.1620005762316768,0.09872395372574296
SEQ_0005,disease,0.12339350254061351,-0.2032354401988304,0.23289795696159704,-0.24161479656427612,0.022773833976479828,0.044922581056050404,-0.07534544369757959,0.06648917647488588,-0.20155569666887477,0.20578528775702482,-0.15976418997800926,0.002875606447417484,0.03704423334981415,-0.07551366118476999,-0.15342254236464434,-0.08736478797417353,-0.11248733157402727,0.4828503433803067,-0.10582112066217325,0.21854754393365644,0.12551406962396608,0.08349184334879726,-0.13451739774076313,-0.1263255447897241,0.13055331365621076,-0.1933696669444145,-0.07066447308042004,-0.07412201525093291,-0.09817541776859064,0.11534303945042153,-0.0703066893058265,0.038825476733633395,0.05580481230597326,0.08094649855415471,-0.03156591726343255,-0.1130837477348878,0.4416834239343659,-0.10269860468334728,-0.10170051966774915,0.08316543487241862,-0.09067990121049045,0.04945456294417652,-0.140134895373775,0.0693663156608779,0.14253633374978372,0.1825875689491427,-0.06308468171076824,-0.28062686718944296,-0.22389558544077964,-0.4390914179345923,0.0981123147043641,0.18845543000342851,-0.11297356827943343,-0.11372539801754428,-0.2171431749783178,-0.02665804995175622,0.04031606585647001,-0.21699058254937423,0.06499858778049596,-0.22173698743986242,-0.1504656608073591,0.26958151679552406,0.1504821039895889,0.06950761046654023
SEQ_0006,healthy,0.18065275875872785,-0.15653018417445738,0.1981637773047029,-0.2965089434841255,-0.003357185724867804,0.08654867267354682,0.022470768388248828,0.14029345665711734,-0.11770714706593377,0.1982956006405863,-0.2584695033826208,0.06241610106730676,0.15568652580535006,-0.11868062791040458,-0.12325209446560995,0.0005280756499395985,-0.007552521297472298,0.3214862856173071,-0.06965367576364019,0.20177520924152292,0.2216096046126088,0.09563651147715838,-0.15250109282143742,-0.03105264273987447,0.19885562296835682,-0.09486038603208015,-0.0029723281781520944,-0.14137289433150094,-0.14955337527327303,0.11181792064844068,-0.05096518862324736,0.006855610856088479,0.07031543108752902,0.053001883371616855,-0.07666795641695384,-0.14184433973365054,0.40140631638232577,-0.07021171968434249,-0.18399661319940636,-0.003526596941876168,-0.08783194751344936,0.16119604358271236,-0.02208174674772577,0.11221274364335469,0.18316242905359228,0.19224327324222373,-0.014147011588458085,-0.3178653012082092,-0.23180790202557947,-0.42403482158437095,0.07127334499828188,0.08192136202733988,-0.11784478161885237,-0.23603322614154013,-0.11258260827790961,-0.048245575918257295,0.07371779445085311,-0.11557407469013677,0.1623981338355423,-0.23298726375708803,-0.11232751920988636,0.2630897743448929,0.11126418916674852,-0.06243066994874549
SEQ_0007,healthy,0.17218452732456324,-0.1682122993547881,0.20291270747642018,-0.26071156524887934,-0.05897357047357172,0.10096799848478669,-0.05959718463519859,0.07992168644188555,-0.20517069280542233,0.15094373813982215,-0.2142147686691208,0.017763769312281973,0.1411169593426392,-0.10190072745553212,-0.16808815330668775,0.024408529388124565,0.006444713257461013,0.37089163086045995,-0.09565270293850635,0.1951313900328066,0.13826673682866103,0.07227436864216455,-0.15850251290234724,-0.03822469231388104,0.1693737366695469,-0.1588337031782042,-0.00793046627079488,-0.17092169946880448,-0.14362513329937243,0.15152143244168667,-0.054606633360913905,0.031113416131724234,0.0787650851097773,0.030108147416806185,-0.05099977335082811,-0.1443902534125773,0.4102347792315714,-0.10707935718927011,-0.17240289656879723,0.03531551473838086,-0.10260308996233365,0.13697401329955514,-0.14821811298888496,0.08202354909633322,0.16281653375127844,0.2130728321558648,-0.005150013349858188,-0.32318825222147124,-0.18854847378909312,-0.40389935315304737,0.06105798315393526,0.0878883355947331,-0.07549283375534437,-0.20131652893493615,-0.11198940091589492,-0.016767577952347804,0.06330610105546954,-0.08008284834809667,0.18524206635595036,-0.17718672875449865,-0.19864418902427772,0.2364180224649056,0.1455271317738025,-0.019056327844219154
SEQ_0008,disease,0.19792440173221376,-0.21926320790603288,0.21985023363501774,-0.21135712285423922,0.01416506636250508,0.042775675144057446,0.011571073780410512,0.13122696153228558,-0.15458587060560852,0.16803366055525518,-0.206047267246645,0.02991985624685434,0.13034275424805114,-0.18672867225736958,-0.16011544240741996,0.028895878864305977,-0.038139465167174966,0.34392103556085146,-0.05551304695655089,0.198316788807666,0.13559929535168927,0.12049323651458667,-0.2467453004749225,-0.06587107886599126,0.12709626198233295,-0.16394398584994443,-0.029047357913737273,-0.1375630622357994,-0.1632460222028606,0.10693358982609905,-0.06831322115605741,0.01376665161618205,-0.0015982783497847865,0.1204414605958741,-0.029064179310714422,-0.15533878398532766,0.3587345828574133,-0.12833669542502513,-0.13349994532187365,0.03753770853806541,-0.10768167866310839,0.10169843488838037,-0.0842845312923361,0.06669740269043008,0.09050302332148683,0.21829772948226217,-0.05964873759271343,-0.3803168523977356,-0.236490233551806,-0.42370407862373133,0.1429933504944716,0.05867853493374349,-0.07689517072407863,-0.1362752646929206,-0.18964140536388913,0.013892705919362907,0.05994797997221221,-0.16360393922463212,0.1388368384012322,-0.19156671835764968,-0.1621968342211641,0.2828422035251013,0.14908975797635612,0.005924341259445797
SEQ_0009,disease,0.16611769697089762,-0.19293278561532437,0.22438135215534175,-0.24583089147074086,-0.019645951538497318,0.11777937678776837,-0.03267824046265286,0.047928302688110984,-0.1969892325752552,0.13204967174040683,-0.2580419112376003,-0.047363356528298164,0.08993646314162315,-0.06125877189230416,-0.20180110365833265,-0.0303509331433329,0.041256762905112314,0.2743291098524201,-0.1110022631212792,0.16144146503212967,0.15999112833938184,0.06526315592724186,-0.15689324750977332,0.016208302901464865,0.18503216514015272,-0.16161078850339614,-0.03761566233193031,-0.13542412582081093,-0.13559966890227207,0.21292670810564718,-0.07417910433909933,-0.0007611323351210366,0.0541178561213253,0.025917509724546654,-0.013819712277994074,-0.18243622001843146,0.43365381806430225,-0.1295102585559895,-0.10828592259572303,0.07850472141192384,-0.10478607613457026,0.11121880620380428,-0.12765938036623337,0.08857897952228269,0.2013588099925718,0.23683106064316187,-0.048932723879899394,-0.2795217669101748,-0.11404175010665389,-0.4266871951786523,0.11959179968040494,0.180745115860546,-0.04096373803190748,-0.1939408763913699,-0.2083659418387326,-0.008063210879667663,0.061705308672427454,-0.05532836795825954,0.20706243308278102,-0.17269126463940793,-0.1232144405253844,0.23071655311844985,0.19038777777733962,0.022270043430515172
SEQ_0010,disease,0.22864601788503786,-0.1802775013993159,0.2168250403117655,-0.23198122450420924,0.020384284609369023,0.09556902315175352,-0.020820550900579528,0.09233891031918709,-0.16448461802483455,0.1863474897159603,-0.2315014406270158,0.010335219857536722,0.11116921221154111,-0.09216305654596287,-0.1845386942740567,-0.05232149130173385,-0.008212584629418157,0.4238655385178849,-0.08409982676654805,0.26934722920033094,0.2537535170636029,0.035174126763217496,-0.1805925142276389,-0.09773867801594774,0.17809827553235713,-0.2019662064411516,0.00662208669503414,-0.09655422049555663,-0.15172404597230166,0.0875099764686255,-0.04779882218097995,-0.005808790502604111,0.07901381602393429,0.03471376890887665,-9.757688588061434e-05,-0.08166355453835142,0.4245875990181022,-0.047924307085435915,-0.1585146857098017,0.06674909271001339,-0.05494032118540204,0.015787338242416828,-0.09867775149837092,0.08877069444708102,0.10999818937834412,0.1893740078531265,-0.03983304922461415,-0.29772014052159057,-0.15681644947676454,-0.42099023795695756,0.04292782623043892,0.10880517093544549,-0.05697676341287257,-0.18462147317673494,-0.1463229202245537,-0.10243036548301815,0.1271273188211795,-0.10380841854899725,0.0697320444340345,-0.2761140079429985,-0.1434427312804334,0.24374732448754474,0.15739159374623116,0.09501433336753977
SEQ_0011,disease,0.23610597619892731,-0.22579590099468505,0.22844466265260388,-0.17489348591899262,0.07762308590932669,0.11361037259986008,-0.01230112670633648,0.020219604157096078,-0.15685969102968592,0.21932145631862507,-0.2757917687094125,-0.10277007715343892,0.09136973548962024,-0.07604060920990038,-0.2257790330905035,-0.02079154858576797,0.05242730386444972,0.34812186835804854,-0.06203078265439426,0.18321639130760328,0.1834176918280742,0.044845270364798684,-0.1399786310792838,-0.03203920909140469,0.17549249902511754,-0.15996318935089726,-0.044648433703903645,-0.1184388739507649,-0.12013112614766586,0.1783715080307466,-0.06457337967027439,-0.06497683772528685,0.015434292596745123,0.04108228670357907,0.05031365161095201,-0.17035909326329118,0.3925465573809289,-0.1666532104171371,-0.06309631465326546,0.0650004410920429,-0.08310367746834965,0.06192017840244467,-0.09265629881354726,0.10289949341906476,0.18589087652564057,0.2615373245628869,0.009594493973938198,-0.35793540777563587,-0.15144463263601013,-0.41204790941548763,0.12476570501496204,0.12055830094455203,-0.13744974980650823,-0.1768693345220638,-0.19034996445535965,-0.0427718717846021,0.15160439068725462,-0.08425072013213938,0.16853030433110933,-0.2510677959357198,-0.11673787395869527,0.19213145231909917,0.19924787620769702,0.08339744975096772
SEQ_0012,disease,0.2353737758086322,-0.19850826592304627,0.23863099034847765,-0.19102416888418006,0.052655998034931435,0.07307662030348572,-0.05344469204354592,0.02616896059312026,-0.15830557892952501,0.21495057809996723,-0.2483360444994316,-0.028176314162003554,0.07210409779463364,-0.06517460070763685,-0.19357339170773502,-0.0501566611119091,0.04692558272008791,0.3754984370339269,-0.10643904131385712,0.19222813588494728,0.18510141752275033,0.025093044703892446,-0.16480779100889262,-0.05387283769803672,0.20031362894138166,-0.19738460369886696,-0.031525560819556896,-0.07756784969874744,-0.11139983263643218,0.14892420375322593,-0.08657302546717913,-0.035104243708189216,0.042258515161402804,0.008395797925122088,0.07400340212017355,-0.12668343596013992,0.44177151850979784,-0.14396028228784222,-0.08588920165419837,0.041906818545015656,-0.04562793634176238,0.03129589534226939,-0.13159736573743477,0.09482215135061153,0.16222463633588535,0.2533946936648965,-0.0267982412062726,-0.3239890815162185,-0.13398018636081202,-0.38371005691027993,0.09428742409311727,0.13281510757903267,-0.12070634333333807,-0.17481271159596676,-0.18366084938284372,-0.05293038818967937,0.12520670423257618,-0.09891298174758058,0.15914222720452761,-0.28411713064446675,-0.10898027391649899,0.2163212537753806,0.18235351317009368,0.06544947719519778
SEQ_0013,disease,0.13272974569525892,-0.18027053405825857,0.2531355373313887,-0.2281376889092542,0.013595530250143494,0.10594471484794193,-0.024358876089888192,0.12500292279038924,-0.13420468537784838,0.24652609961348218,-0.1600112116504353,-0.020320204234624807,0.07998292547803663,-0.1429253679486357,-0.19047400993701086,0.008417059600382817,-0.04858038793170888,0.4731279497411369,-0.0931027189146743,0.1908765264590701,0.16876302552582248,0.0828037374670219,-0.1767965907405276,-0.10494434196322334,0.15077704037142528,-0.1495276923834779,-0.0031361648091186045,-0.12940989390014873,-0.05477045805216434,0.13409471707575893,-0.05436511466656827,0.004305685629089178,0.027999094693981482,0.07192672676307525,-0.014918515972117418,-0.13920444454353587,0.38444983380416214,-0.11477205484820799,-0.1492652393382633,0.12140642180667592,-0.13668416435066252,0.011912640862635002,-0.055340624567392416,0.10159513733445366,0.12941815057047132,0.25677997649889234,-0.012177236944198143,-0.2490540657162559,-0.24358109652089435,-0.44393820925191435,0.12807137403188237,0.17205701817122077,-0.015457676062666887,-0.15805810338731763,-0.19267352461859863,-0.057463056696116455,0.11437844552563713,-0.18022811322330412,0.056959612309946166,-0.14303356379101348,-0.20035724972087365,0.2496115650429134,0.12357028665269414,0.09814063616342461
SEQ_0014,disease,0.18235687105404716,-0.22613664475612444,0.2503524117664861,-0.20212997790652437,0.02436135289124718,0.0772610401396197,0.0014853592688456175,0.09657781250942161,-0.13338007930212703,0.24975961521753068,-0.2236985364484318,-0.03577919612842882,0.08740513975761696,-0.11844804651546861,-0.19868537976241174,-0.030018040997911718,-0.011529041406932849,0.38580831094676793,-0.04898180663287485,0.2034029499824412,0.16363478696234304,0.06494469943493214,-0.1601985063081562,-0.08114196278248356,0.14232117435158542,-0.1746261078495226,-0.04639879636300757,-0.10996121597013932,-0.0978326062409843,0.13403051725300905,-0.046313990758727955,-0.006317862617634678,0.016576554823169245,0.08601115607482705,-0.022164129442448954,-0.14935654569265,0.3841712878014914,-0.11621140231341726,-0.08089140454038715,0.10283227012778924,-0.0961683254825076,0.07516245463109171,-0.06942816376433783,0.07782074850579121,0.1538552652220587,0.24574280069861354,-0.06253669150488007,-0.31224673834373173,-0.19985718037388986,-0.42544894049922816,0.1815897480877255,0.13544626955032704,-0.11375982987342813,-0.15466830549352076,-0.20087914747577654,-0.050011048455216485,0.1130525680657012,-0.16171204256375046,0.11840081911220057,-0.18207835885435036,-0.13745360035727422,0.20224326456204797,0.17048000724490325,0.05866468797071306
SEQ_0015,healthy,0.1292635615886488,-0.17415524917328948,0.19108305868424783,-0.27456219230459655,-0.021810961333324417,0.061978384618994256,-0.004825069287942184,0.04343455318973384,-0.17864106385460152,0.17105062436718696,-0.1928046273883112,0.002205803876832677,0.12159584028438504,-0.06335621208424211,-0.14543137157999186,0.05230605703615946,0.012680240172035196,0.31293485036451746,-0.07351359701428313,0.19698512931550347,0.1112623607578869,0.09446138511430877,-0.12004777376807965,-0.007275716355330632,0.17702304867465032,-0.12737093068626948,-0.01217638678988647,-0.17997132325063459,-0.16437493383067164,0.19859114175671663,-0.05570841486399857,0.017456938889940356,0.031012406988555608,0.0516907809388264,-0.07129122614895175,-0.18276444849647613,0.4096011889452205,-0.1241410508409421,-0.17910477780351233,0.05938893124880543,-0.10443220165283323,0.17816290680762145,-0.09929029832646477,0.10260741224174365,0.2074194602533293,0.22653160171497824,-0.008040993600905396,-0.334240390951832,-0.2310319073911811,-0.41397861194270885,0.09128231782114013,0.0896314113163674,-0.099075542708654,-0.19879487382424696,-0.13724609203685048,0.008146432307288948,0.03094420662677569,-0.07428365716986726,0.20831133971965757,-0.19421461752226377,-0.15797155153878228,0.249616566873358,0.17783079470401683,-0.04738579376083526
SEQ_0016,healthy,0.12198780933522291,-0.17728252074539042,0.18407677696011862,-0.29356890804120483,-0.10587022805597725,0.08071303797632998,-0.03392930108505501,0.07135627974385698,-0.15804188128188998,0.15994145976930543,-0.25426587078020385,0.03633023286516764,0.1099309035944325,-0.12007066455922324,-0.13975665727481823,-0.01688863288359515,0.006496331435386658,0.2364233308311653,-0.08407146388713481,0.14933527292230306,0.10432957528312144,0.07084342502825561,-0.1659953230753894,0.03102042021684351,0.23224463063359269,-0.12095097430920211,-0.044149371724080476,-0.13583193713896796,-0.14641492116168578,0.20468966236469782,-0.0682184989420603,0.014980277430971753,0.06053106024689599,0.07015771608372434,-0.053075063379593244,-0.19827869617830324,0.4403659992127018,-0.1220630369482008,-0.13326979511457857,0.016030246055143478,-0.09581143272295868,0.21575897843657524,-0.11860356196204452,0.0775170409982297,0.2257731631292538,0.22863560519514262,-0.05136248419033216,-0.2988848199398058,-0.1431253723478107,-0.41070322214138244,0.08851353284094919,0.18016596997509174,-0.10431712262506115,-0.1637986507562418,-0.18842927068235849,0.04298252264098594,0.04613040242241347,-0.058681726832979446,0.26947814491100713,-0.17994524860445937,-0.1185253892125664,0.23022175135764697,0.13205463516616997,-0.11649429076763482
SEQ_0017,healthy,0.12553221865937952,-0.15603576134626265,0.1902356636767977,-0.2652939887381605,-0.06223499684784238,0.07135232971842614,-0.02986609253777103,0.0726114760921612,-0.20101001919938266,0.21605718324815545,-0.17282682685345635,0.03441139449853464,0.10164912681341141,-0.08506387016779918,-0.13602020096505554,0.008161833279161163,-0.021896417577838313,0.3978251386683523,-0.08465459329621383,0.18619306104268502,0.10831581950118266,0.06054603348567135,-0.11705940918737834,-0.024518887176629617,0.18993867250595511,-0.1577181160936799,-0.015952776170363933,-0.12667527389114352,-0.1071811589052037,0.15515490256172906,-0.013413360003277882,0.02113858445332832,0.07242221900393879,0.05444917189317705,-0.026897217767837413,-0.14861948423231522,0.4230796771973869,-0.11745255721125517,-0.1736626831586403,0.03435127278095248,-0.12722289506072343,0.15020870384715565,-0.1564887187422805,0.1200409139495117,0.1781861528165663,0.20201635328894108,-0.006605402904623906,-0.3430356003395934,-0.21327757647205053,-0.39817388824931677,0.0694060001965431,0.11395189668593049,-0.08926039994104445,-0.170564016551996,-0.14155513499699385,-0.018073181741037676,0.05612997819415729,-0.09346968775138498,0.17238398750330053,-0.2383688317894023,-0.17037643681986064,0.24356270832181498,0.1487743464231229,-0.01368711522683239
SEQ_0018,disease,0.13138790494277855,-0.20593875519344262,0.2732188704480014,-0.2359331145220977,-0.030949953879263505,0.1280570953522941,0.009301927971293306,0.11150342354995815,-0.17414232833927237,0.20611671780775803,-0.178476202930378,-0.031086058763527862,0.08192963542672822,-0.1415070571747375,-0.18755889145504648,0.022476355061428994,-0.017756483271804478,0.40789581526492136,-0.0710961842177595,0.20097201815343968,0.15477125245278578,0.06072452617333251,-0.17391914840567338,-0.06603403011094831,0.17358844398574966,-0.16048942116440612,-0.018131438217012793,-0.13633576449900342,-0.05941303098547055,0.149012692008035,-0.028510183034172985,0.008483913153637149,0.008370161465333516,0.06609658315827749,-0.004962016539353551,-0.19798876496190182,0.3758738342950374,-0.10940310793724918,-0.14392584493591576,0.08853592549802412,-0.15389365559762513,0.05201991018686874,-0.05635703354570934,0.0852007452559634,0.13234975126526008,0.25879947649500673,-0.02331788928435772,-0.2516689531532343,-0.19640923688893022,-0.43503765775706105,0.13888476768250343,0.13833580926374245,-0.02739899801757601,-0.17631849509345474,-0.20262861541693422,-0.07313797650373983,0.1146409550259048,-0.17473730707622717,0.13619062423468623,-0.1460810216549521,-0.18307876207000962,0.2130130629326203,0.14511727814176636,0.09214446347995459
SEQ_0019,healthy,0.11852445429793775,-0.16275590348152588,0.19333194140461107,-0.29297949626645564,-0.05225785696408849,0.03994992784491516,-0.011781189538888048,0.09371865639754853,-0.20560342194360956,0.16711804274520928,-0.14549043959311914,0.08291940173073073,0.11928927357724853,-0.08795902284870245,-0.09692921198959586,-0.03477628496166068,-0.06953888292654191,0.3454394909797709,-0.08825718439744142,0.20854801971335823,0.10583593622992431,0.11662802010266687,-0.18366215302846445,-0.039873247077638486,0.17912715566421952,-0.14264275945505844,-0.0392015372290213,-0.1136155754593838,-0.1578384554440238,0.13921597771467348,-0.06329655618459522,0.043056188735052056,0.042244509725016914,0.0903667668624386,-0.04753599609280402,-0.16039167278615835,0.41652014355783007,-0.11134488993634845,-0.15303912430029978,0.007856147773068938,-0.13331596529019052,0.17602061040518868,-0.14900142832117635,0.08369970876794813,0.1681692635945112,0.16859216609936678,-0.08079035916528259,-0.34503529584694637,-0.2222739798132805,-0.44767970900153636,0.09788658711196477,0.10492960122501616,-0.08625541961062501,-0.15567580809066847,-0.17638773508884906,-0.01656252158311835,0.006789416577163336,-0.1367408391271922,0.1653209505351922,-0.22003544880004663,-0.13430565071614411,0.3135720535927065,0.1288249676586578,-0.08196352435362055
SEQ_0020,disease,0.13152427821600696,-0.17406530406197618,0.23623644090151508,-0.22927642120535968,0.007178427499378799,0.09674387910906068,-0.038780690525582265,0.07499727122398445,-0.1558401586984492,0.16681850478112406,-0.2007371030958823,-0.029014695132485387,0.1091225485718851,-0.06907861547796562,-0.21182817716866717,0.025347294596120364,0.060864665484577425,0.42533515450072634,-0.11013546750134444,0.22672510262383871,0.16456368462780424,0.019859018756478018,-0.1411678294856861,-0.04822870844323311,0.14620415030334497,-0.15731072015654013,0.05245517233238825,-0.15728821884732366,-0.09843839136745468,0.19468663569142167,-0.10520192275489917,-0.00967701024429044,0.02376881386638017,0.01949229805802792,-0.011150326692439295,-0.1262861191800667,0.41945793014864124,-0.1204680981147153,-0.15962378179277803,0.11762350320122855,-0.10205504910489115,0.047608555805189225,-0.08777518219914245,0.08987768984629584,0.16894722525929373,0.2808030039039558,-0.011882607924856634,-0.26008039537845845,-0.21606321153399066,-0.4053514318803938,0.09564717444143156,0.1330881570794895,-0.01022412949636433,-0.208663307955612,-0.19743884600471154,-0.10068664824707978,0.08380726618124583,-0.08328661124388555,0.0946298131407701,-0.1273696376160209,-0.21811788423808365,0.2713367547719052,0.17476605092569267,0.10625079378198339
SEQ_0021,healthy,0.1274811519496099,-0.1954115130392165,0.17604861047377007,-0.2721084933846726,-0.033945607090483096,0.0873396054086671,-0.00898835453663546,0.09268723784703918,-0.15249767230305997,0.14089957121790353,-0.2331703263912736,-0.0052207224215345144,0.1056969181098554,-0.11571459184790381,-0.17689990504518438,-0.0566944475563266,-0.06736322010946577,0.2704673826651937,-0.0533758435900182,0.2279929643298532,0.16467226360709578,0.11093983256307924,-0.2214033510359462,-0.02897210973210064,0.16646887398770402,-0.10053049227672134,-0.035293463143456674,-0.14866060065961287,-0.1876516581474536,0.18352250842596857,-0.0962843999003508,-0.015549709156856398,0.03516953209591037,0.09798845646289302,-0.06761065832985239,-0.18166851449698163,0.40930716609860257,-0.06968061054497866,-0.12587014878710054,0.04751902118476664,-0.10235215587423045,0.17937971210378006,-0.09991328216290754,0.04091835596876997,0.14626600851340232,0.18083868414117216,-0.06447815925930152,-0.3201062782989709,-0.1819957210810288,-0.4715254663007458,0.07380088398992926,0.1624734475125482,-0.07216874442270052,-0.1346408942492613,-0.2164552577750577,-0.001216183026609895,0.05769138983446119,-0.0889535217786906,0.11548355840026021,-0.22122841389671136,-0.1375973856789954,0.280097585226484,0.15888990420489385,-0.07464291863875525
SEQ_0022,disease,0.12390726447761823,-0.15229693181739423,0.2895053430475735,-0.24352360803718703,0.015113586481892191,0.10311506992488816,-0.0038196956663986525,0.07810215577103237,-0.19908752648830072,0.25571860466238877,-0.14301346964007716,0.0033150880827491915,0.07436821187200574,-0.0695439148905018,-0.12687704206594724,-0.04364959438926245,-0.0754320615699699,0.4291566031758683,-0.07847834005095912,0.17416827398620163,0.1450156428248179,0.056463213922331904,-0.1599230315871354,-0.09079477272425308,0.19038899504369458,-0.17762145331474252,-0.03973995076605247,-0.041121475654986854,-0.04119110804666521,0.14056265544502194,0.006255933967827078,-0.014106737507982752,0.04897340679195505,0.06633738051298783,0.00804319401644287,-0.18453633382533777,0.4070385356739089,-0.09646751662478188,-0.08407766846660045,0.08112291373101889,-0.15170855552570878,0.05691243564712149,-0.13849770820741608,0.10809929856851613,0.13897100831903084,0.22375883868964913,-0.0577014199510664,-0.26986076848534674,-0.18292867428212786,-0.4671094634554732,0.14108532636423818,0.16845126294673402,-0.0345379667654802,-0.1585762270503676,-0.20294351217785264,-0.0833764526311352,0.08846694589719979,-0.1721340187817354,0.09416323904818631,-0.19794928271768164,-0.11350383942658407,0.29685472156136045,0.15053506382007273,0.09707316001775347
SEQ_0023,disease,0.14093611291966787,-0.18776046861208204,0.2115617887275597,-0.2158524615928932,-0.016275820245138597,0.04713931179612884,-0.06593799557913473,0.11450999930715301,-0.14129967354101572,0.20444354448382943,-0.185587607572579,-0.00011991151298768695,0.08363046189475053,-0.1772618863296245,-0.21474003771000752,0.031885260513200765,0.0013829154126520622,0.4511187471325187,-0.11476545722070548,0.21721630837353753,0.13060204521025792,0.06434728832918385,-0.18323131546706437,-0.08309366252832485,0.13685121562381725,-0.1341931761759258,0.01585836191456256,-0.18688137764365054,-0.0977441459647113,0.17388610970812096,-0.10668235385569444,0.009146290204241861,0.020499561132405805,0.054335466750507926,-0.019489721102652673,-0.12401255763668967,0.3887195295955571,-0.14557493527258933,-0.18687376490039886,0.06635537986382913,-0.1087176958209346,0.07373148586317295,-0.08261034033058869,0.09917808126001458,0.1265391051812951,0.2560018127815606,0.003785749367969223,-0.29573071344415186,-0.266229002751459,-0.3838881430873263,0.0977359256983488,0.10637515805102742,-0.04664034819334034,-0.1830284375483875,-0.18860906813267772,-0.0335003497758928,0.08782398426897632,-0.13277390465321012,0.09323422843334038,-0.12324210380963653,-0.24396841590157142,0.2537149305262094,0.12991202244464684,0.04628656432716388
SEQ_0024,disease,0.19593832702433606,-0.1639517626016946,0.24092751866274137,-0.22760051806434564,-0.07688152068197691,0.09677477788213304,-0.06702539902519251,0.04001639392803859,-0.22051741146302078,0.170996249830707,-0.2498950932408273,-0.054262110504903184,0.04671430149795676,-0.08441496046567963,-0.2440947744215923,-0.028644597223628505,0.07546598306598735,0.3735987633514115,-0.14122830830920616,0.16470266600012107,0.15299249736944537,-0.06452005104667341,-0.1172331374572089,0.05983189599309802,0.2371689926329604,-0.16818523488935713,-0.09673960802335403,-0.13097569151228317,-0.05484805831464795,0.21221812632865994,-0.04292251904667242,-0.019894166334671008,0.056646740880139185,-0.022792768377564273,0.08225850223450341,-0.18659883936802618,0.4427633279590516,-0.15581623702175093,-0.14587583730100814,-0.004991765919508264,-0.13316995353232278,0.09258367426704116,-0.16482702053802206,0.11271797956409343,0.23429610478078955,0.2628060177951068,0.01768728475101493,-0.2839391976467939,-0.06350845322873952,-0.3625932242638797,0.08603900670580295,0.1684161197256469,-0.09228799781933632,-0.22046688699668268,-0.22096308907274367,-0.03801070804702151,0.14283363630458665,-0.04758226763012066,0.25746710796657396,-0.21575047226584246,-0.13270979464030377,0.14872664528488155,0.115454261963272,0.0575393700832918
SEQ_0025,healthy,0.10421897240960663,-0.15385383598288596,0.20120203802687045,-0.2958481124302731,0.011396461853197905,0.08702366767638169,-0.03475402303409303,0.07348881311166401,-0.19915919586519468,0.20046126489902782,-0.14619990103640432,0.030144403809842617,0.13476371212385369,-0.0795239441760124,-0.07868433524339509,0.07547821170601719,-0.04743037426997565,0.39298662782254945,-0.07280688148243221,0.15712931773600333,0.03852700991201327,0.15377267117112797,-0.048027736229309635,-0.09184645625430063,0.10247270435908962,-0.14909752183977615,0.006126000129029921,-0.1472794617805377,-0.13851252683590054,0.13919608897352356,-0.028118861002964544,0.03378587021305131,0.03446883370768402,0.06783004047393437,-0.1225505228509617,-0.15206141630359582,0.38428780109241717,-0.12480706036880623,-0.16118601345975675,0.07209223662859762,-0.1458383853107797,0.1262069635210478,-0.09949976992483847,0.12738417918973705,0.20703050790601807,0.24114362541889375,0.003641414040334637,-0.35986844083990754,-0.34417415495525444,-0.4311747995744203,0.0987688073801334,0.076990104314859,-0.12508964585142784,-0.18560046405338052,-0.10556876571234937,-0.0017928609179969207,-0.03631996583579813,-0.16298108566165326,0.17284723543786984,-0.1591674875882465,-0.18491172377347218,0.2717051135248849,0.15730743186645083,-0.025637174425861175
SEQ_0026,healthy,0.11866934117993759,-0.1760012745230209,0.18121823541145796,-0.2639877082383678,-0.10726257149030624,0.12855993296565496,-0.041066316729893984,0.05551818729269873,-0.150347283957188,0.15539436188586792,-0.2500641752010294,0.02039213336305858,0.13328687191842822,-0.18805492128408643,-0.1282777241898491,0.1308889015735594,0.026737493841617797,0.2463055247941612,-0.09836472798668211,0.10940509981776489,0.07920404153456238,0.14514176016044075,-0.13438565888207,0.006348488615275275,0.20709491683140036,-0.10772469970701087,0.00015191566580604278,-0.2198284932514322,-0.15843290375127317,0.20916636636756725,0.0043517553194548884,0.0666328946340048,0.08724669277599302,0.06418184656376637,-0.08062975468535057,-0.19189501812434187,0.42799956556494156,-0.1574002429430446,-0.22383495524135974,0.02643778831408879,-0.09051941471777421,0.24643816467697852,-0.10359408198156742,0.09682586171472289,0.23671485664214167,0.2595108476969211,0.029909619534158976,-0.3291705428894313,-0.2077156529689547,-0.38308814635303773,0.041811682024574456,0.08879786456649888,-0.05415047713240295,-0.25456294169844185,-0.044298259955039936,0.13460090162965133,0.05967643276223162,-0.0740752911464503,0.33287372723729475,-0.14382861716723505,-0.21385321376199257,0.18853612307381365,0.17667993634089874,-0.10883884513621149
SEQ_0027,healthy,0.10783448018887928,-0.18579440970674604,0.175896011419629,-0.2630196621263723,-0.13397154979053058,0.1266635569657579,-0.030105984737345316,0.06511431690682178,-0.16052367304309642,0.0928880695135447,-0.23096881835718427,-0.014649774985540837,0.09416956506162949,-0.18917221668655998,-0.19542608019928337,0.09006450541367143,0.0379634450952958,0.21023637657135524,-0.09509379255181168,0.2015126661239119,0.12366716878027119,0.131307297463548,-0.18810637879615086,0.000940750976706102,0.19034613231472092,-0.0889539275035722,0.0330012918065157,-0.25551646468890243,-0.20313239574131853,0.23485911367202034,-0.061474876664159524,0.0433288756295072,0.06315307340147441,0.07913646792146495,-0.0770438287034706,-0.22446858080332713,0.4381591126426598,-0.11134821251367165,-0.2495374922152142,0.03777423366712088,-0.0969533308021948,0.2472150355252072,-0.05683789822408644,0.037815946690236454,0.18695582370106767,0.22001645665513453,-0.011307910728629408,-0.2932476368936163,-0.19433774680323565,-0.4154507570827274,0.002215536254667894,0.10574492129430471,-0.0008059048998385865,-0.23933014470894562,-0.12006806909139284,0.0626053863610516,0.06909188941054799,-0.0755275942349399,0.23960367888319384,-0.14519275475763607,-0.24942246693277229,0.22977404039147203,0.19527051527031755,-0.10402694258662927
SEQ_0028,disease,0.1052113476549866,-0.14304891491856478,0.23150547547998168,-0.28358942414695626,0.01280452769649479,0.0803539481632312,-0.05348638414717393,0.03211722457806492,-0.20216931544038405,0.22336643195026437,-0.11310420512452665,0.03259008483542458,0.07685309871304713,9.713002991397471e-05,-0.09250847767485132,-0.07378392541288695,-0.10789808725489229,0.4114826378860126,-0.10506425419585749,0.16632053005063158,0.10819702643772104,0.11646657962035813,-0.14360950892931088,-0.1207181198342582,0.205681060444966,-0.18843144881310192,-0.009340501060488034,-0.051351514798336766,-0.12957217191341056,0.13748576343692243,-0.020478436103580598,0.017607307299220047,0.08269290379754406,0.06330207085451628,-0.04383812581228542,-0.12619652620885272,0.46357153154103997,-0.09153436422681092,-0.08385143370613792,0.10231451141866572,-0.12405747895861195,0.0807733369239189,-0.16919632924170414,0.0935910218731128,0.1980454513448738,0.19348510913492423,-0.055294632622906605,-0.27101050083037076,-0.22513796526962812,-0.4774435226618088,0.10105237882047867,0.21535413343349485,-0.07257623006275941,-0.12224475643787071,-0.16157102113961824,-0.03288999071912122,-0.000264010664116076,-0.13401041752625528,0.08820670653662732,-0.21896156194270283,-0.10593590108627288,0.31588247428125354,0.1811670387402561,0.02010020635302747
SEQ_0029,healthy,0.194994447939047,-0.1997951501830521,0.20723060001439975,-0.2530680283191915,-0.012292184993701064,0.1677433724580189,0.0056113614471500015,0.004751458657874482,-0.16797114234382715,0.15043212823297034,-0.26053003768153565,-0.09208326896596512,0.13473711685323878,-0.10261857398686329,-0.19516490911670872,0.0704128683883887,0.026132537424589552,0.25109314407392497,-0.04327365921712102,0.17591921663964366,0.1500596590341276,0.12130756132761246,-0.14188671563643449,-0.02008981528593218,0.16118005137087077,-0.08524302916183174,0.00012028464383221599,-0.20440573540168944,-0.20116085665690905,0.20157375650108803,-0.031128223795583915,-0.014534408130145416,0.050476799641596064,0.07287924240679575,-0.07405807962112612,-0.2213176966630206,0.3669861935320903,-0.11331958747978335,-0.16232526680227125,0.05668679104709985,-0.1124313196417699,0.16068264707955676,-0.061267277510905244,0.09223317500217453,0.23020711450504738,0.23204406255305024,0.04406763056293332,-0.37057274720904926,-0.19706021850280644,-0.4304650011894478,0.050326091153434824,0.09191981071224686,-0.08662895936132996,-0.1961636999899601,-0.09103343867038724,0.04060213501564717,0.0916285351552453,-0.04581081106183642,0.2390812984692954,-0.20737671659171114,-0.16947470028444117,0.2076170020009862,0.19286560292286806,-0.021569472901290385
SEQ_0030,disease,0.09034933674539088,-0.14161723791551808,0.33993737447566236,-0.25849691739149294,-0.0615202268780906,0.07781859723776369,0.04809380848512528,0.12116465567575901,-0.23051233198317161,0.22488868118226935,-0.11309708574878359,0.011888342212553216,0.09041688004194061,-0.060952982884878985,-0.1763630194704671,0.002092987092318954,-0.026981255492040154,0.45308749331362025,-0.07701893335685821,0.2361164966159833,0.1434513459736836,-0.015875208267384706,-0.18853226847238508,-0.0495750867158887,0.1842496410624481,-0.19126609992295746,-0.01250424500088379,-0.08063655385179208,0.0057557324587515155,0.18409624511169279,-0.0035671583967337534,0.018613634215586625,0.018439235633885647,0.04403759458488309,0.03169759755200516,-0.20726404575443433,0.3778902347919689,-0.10607467573896402,-0.1262765458755393,0.06989349324809235,-0.19575382598723068,0.05318674158287411,-0.13836575636599224,0.137016216662629,0.09231413938016289,0.2431769668441543,-0.03958580840222039,-0.24026866929636087,-0.20146651866088225,-0.4221202083934027,0.16860163625590507,0.12281429362767829,0.05637140012335633,-0.20242561295566655,-0.23400711656916076,-0.16408469551074123,0.08776255548542376,-0.1420650815685474,0.079702932085952,-0.09285438775608316,-0.16945971851421668,0.32653429089541736,0.12267058177213662,0.16789915029895391
SEQ_0031,disease,0.17163725411599404,-0.22004033032830064,0.24698236683960623,-0.19831898183595362,-0.0031772579226394923,0.06375920326893615,-0.04051714562450191,0.06151447524728449,-0.17317824879936236,0.19749477129869045,-0.18743826246098752,0.005475573465340054,0.051220689488540354,-0.11075764642619,-0.18721714140347764,-0.02189927120840268,-0.02323532591702749,0.419236447761703,-0.11101203554439042,0.20843393280975456,0.16270311665000967,0.06256494809109515,-0.1949935291741733,-0.10232883440249334,0.19121233264252865,-0.20538496726418765,-0.018815078693924375,-0.09826972395963901,-0.11169092753783123,0.11871837560108997,-0.042310954743467716,0.03083388233015883,0.05492162716691415,0.06243924117123791,0.02648879947976726,-0.13047048998983826,0.4605484451993424,-0.10385825752841109,-0.13185995356169586,0.09643716269078172,-0.046140454250419696,0.04234512868423479,-0.12058703847177078,0.03261349094588488,0.1279954976764734,0.23126487178983754,-0.09131636860804264,-0.2579891583701742,-0.16447009519296757,-0.4096514697270804,0.10665031196068699,0.14492264798222376,-0.05056052636995911,-0.16656254760641895,-0.18250228619983871,-0.031999252229763527,0.10981130424853201,-0.1803630582424768,0.12549669550477055,-0.2174473053433875,-0.16132201450457584,0.2325997450071315,0.20129401293198518,0.07907055047900963
SEQ_0032,disease,0.18191112556265004,-0.1904073468369292,0.28101943478823777,-0.20867762425599967,0.04886425999018927,0.10072827982707643,-0.023181939380140775,0.04646388781960883,-0.211944427625072,0.22692303599660565,-0.15617646091418758,-0.036595034048120756,0.11504207707110096,-0.03033610936914989,-0.19005310823526592,-0.005423327529552148,-0.0038989407145496886,0.4891446615089691,-0.08443907940669398,0.21926354197949885,0.1523367507915065,0.03854810080869214,-0.14069818408844556,-0.09155997364815455,0.1474619545606113,-0.21369629079980826,-0.016752958895264188,-0.10164132688176619,-0.07853663303010461,0.12461078814333934,-0.04756735212680836,-0.00018254392268576724,0.031580643159963895,0.03793609206030928,0.017993590491938962,-0.13652994507745653,0.3837413783379303,-0.1194274581317704,-0.1035383294840414,0.10512633497598164,-0.11055611120746366,-0.025265346256201925,-0.15158073971332706,0.11485831378727285,0.11511702056957716,0.232411278829437,-0.01828456102604334,-0.31003791836897615,-0.2008416644987139,-0.41331773178620945,0.1455430831459831,0.09914852721419697,-0.05720324478152849,-0.16397521311602634,-0.1724484725108038,-0.0998909786205243,0.10599242773451245,-0.14596912367850307,0.07005611053228776,-0.2172059609710836,-0.1747449695717288,0.25550691718168156,0.17057852497646384,0.1708157879758265
SEQ_0033,healthy,0.14897928548945752,-0.19287395439583208,0.3090227735035184,-0.2481797596263547,-0.04730589609258948,0.1378759925922993,-0.01371842000618517,0.10196932048419519,-0.17833092595659766,0.18139311060162241,-0.2377187591722477,-0.026310483944665966,0.09346254750771686,-0.13399188590022984,-0.18322456966417439,0.05645888794212002,0.022120886761887986,0.38689146694640664,-0.0867229603039549,0.17247206729020526,0.1417214231136996,0.035304743890387145,-0.11963875650562344,-0.04196473475387535,0.17598390354048252,-0.15821591040388455,-0.026688840279712394,-0.1433080477228214,-0.047216642931861556,0.13893358584755633,-0.002827177346733877,0.018065792190388303,0.054304695816784807,0.041259465540379285,-0.008545602995595565,-0.2011635681473749,0.40142070200867186,-0.1219021943447783,-0.14864879427754144,0.03874011265545693,-0.12915585446228414,0.09534477492953218,-0.04316100349557526,0.10204446901052672,0.1811261511246548,0.2548764019259451,0.00495196327200325,-0.27394919593927713,-0.1970558416198026,-0.4031950020821157,0.11682130228347334,0.0925456661187694,-0.07729708024604566,-0.2615096731287415,-0.13462424835030085,-0.057544217000109955,0.11523938341750047,-0.16995596188431336,0.209385917348143,-0.16063989604514825,-0.18273324773234673,0.18562872372166012,0.13931277581154128,0.0894294277070047
SEQ_0034,disease,0.15626210931493756,-0.18307581109937832,0.20900692973304208,-0.22552849565812194,-0.01614662185435788,0.05864799624978775,-0.009477455196467345,0.09803026275526282,-0.1867047382656404,0.19655341779802707,-0.14459850838054908,0.03268222910364759,0.12625999371121033,-0.1377604312113069,-0.15147281201014512,0.003575804283847794,-0.039667045417411416,0.36903056031126746,-0.0897171192411606,0.1964085027158267,0.1409468477876634,0.126007055960371,-0.23090751580059368,-0.07263849664074523,0.1556132110955675,-0.18889322313979898,-0.017480890966400157,-0.13223082711625592,-0.13507231619867313,0.1425293812581756,-0.05937269196247721,0.028825673484565696,0.025099046715936824,0.08840994567683239,-0.01931502295626388,-0.1403280808923732,0.39706356159517625,-0.12657058093791707,-0.14748045436799206,0.07888859024731386,-0.1161863809676121,0.12231698220274739,-0.14870826896571127,0.054292638014521645,0.12706903899751015,0.22523794861192573,-0.09494331262896155,-0.3315670176694246,-0.17846811126801573,-0.4372155058614121,0.1423183804594165,0.09256024056370239,-0.004999782216407199,-0.15532947360102833,-0.18381757189914952,-0.016294192562384437,0.04718569594333926,-0.12278181345855467,0.13692079340839877,-0.1528301368405395,-0.16238725643081045,0.2864245926170862,0.17306097959765337,-0.0037706358128706584
SEQ_0035,healthy,0.2152088689021106,-0.17858321501210614,0.1767826082947333,-0.2528369112016985,-0.061565877980946114,0.07182227565559712,-0.030981598024847096,0.11428696157000241,-0.12367656010933974,0.1696397574606448,-0.29190852600149625,0.03664248853169603,0.1418468572960292,-0.15620720392044515,-0.1998081433626291,0.02851393401451427,0.10991763266589198,0.3566130585253554,-0.10723433913240979,0.19690690049890147,0.1749411721946679,0.014860642140410232,-0.16985379475165835,-0.00672741657274849,0.2254593464537072,-0.13874032580929946,0.03856721878133951,-0.15498505605172427,-0.138524545676632,0.15564397406823044,-0.10625174889166229,0.005827478819780491,0.04519446340871678,0.01736504382591014,0.0046803891771598416,-0.099625172442881,0.43212444522959975,-0.1391379565516185,-0.2053832984758793,-0.006783856893359904,-0.05809561703269144,0.0951408515627634,-0.07708901746658722,0.12288290353493762,0.18662748752671032,0.25168083761470744,0.009758138641375728,-0.3083443078002481,-0.17421044366654342,-0.3460457593972784,0.051450350782202954,0.09218095386269745,-0.10207033067617949,-0.24411752821109872,-0.13985057059285416,-0.03569931476429494,0.10615007778320239,-0.04532962856922412,0.20097943036839433,-0.19737138656651806,-0.17701132205357728,0.21915231403633129,0.11506739090516409,-0.03356518115170413
SEQ_0036,disease,0.17065580456923746,-0.15818938646867736,0.21580863703085967,-0.24703315622878483,-0.016159129101311474,0.10461214212256757,0.005609432441768179,0.09487859750439678,-0.16202351569568052,0.2171177734755069,-0.21934158748847135,0.0023305922943949535,0.14025592331222222,-0.12766296260775245,-0.1488480948094064,0.02942786299314376,0.01681371897660994,0.31662916432226496,-0.06461186684668443,0.17944932252101875,0.13849188507848423,0.08324693876497379,-0.1624937660925831,-0.022062043483110184,0.1804181608794016,-0.14069196648487056,-0.011556427857150456,-0.14009443735620872,-0.11330881104510936,0.17410194335685672,-0.04260557783962115,-0.018868319613772548,0.03221838926541079,0.05444461733458711,-0.016757229961250012,-0.19128017621703067,0.3648656229125806,-0.14014345348277135,-0.1386475544901347,0.02063837546101135,-0.11873090114300303,0.13249180614544898,-0.11026982234254244,0.11574147533782046,0.17426652801001452,0.25044428252145,-0.005320164530187559,-0.3683220870343606,-0.19795871019898556,-0.42541089089241174,0.09839098970600124,0.08109663840390775,-0.06528187836712146,-0.1945090985482114,-0.15239829129587218,-0.01960423815113633,0.07790167341765031,-0.0827745701394576,0.1903791454115413,-0.18152792203262902,-0.15213225755028628,0.2413376216741936,0.12531843350790162,-0.01805368161829147
SEQ_0037,disease,0.09258625106019096,-0.18317389658137465,0.23608624590910457,-0.28318643235470653,-0.006025469113127646,0.0555213372747153,0.012734367526120605,0.08368251765392279,-0.23378187578169804,0.18353311531547167,-0.1598576122203015,0.004858295274267539,0.11626168493374014,-0.010636033724000698,-0.15100400362314378,-0.022045748265289482,-0.06962844482069845,0.3835043947030958,-0.046352026049588185,0.21496185186795466,0.1012668650513813,0.07999055626494013,-0.17457686639420186,-0.03898778109380581,0.1545376187418581,-0.15877964516877902,-0.051072780002030846,-0.1056095143200967,-0.12234102453492979,0.1681348439476832,-0.04827281798775931,0.011187305929918238,0.010935279200884676,0.07180800942029227,-0.04852504706200419,-0.19661714352458798,0.3676210930945996,-0.10396501020199506,-0.09559109400724525,0.06664183537929141,-0.1686656887001964,0.13700876302115272,-0.15723354512708795,0.10679242786804419,0.12558665919431614,0.19489558303028742,-0.05482144249143031,-0.3062000688977524,-0.2296996300091035,-0.46108441524346766,0.13490168300434252,0.1257196432160454,-0.06889328557651911,-0.1457772680244733,-0.20600193736857267,-0.06379375599962572,0.02639624066195973,-0.13642980653567807,0.11292020157022149,-0.17410633434447775,-0.14699603469517636,0.31717744510875573,0.1416687976355591,0.028068157230514645
SEQ_0038,disease,0.17793995984241665,-0.1653827132917574,0.27085141472568747,-0.230403606935609,-0.03417240059845717,0.1106404902891609,-0.04301441220759086,0.04250530074004923,-0.22449482493710926,0.20033883105568753,-0.22720654668419046,-0.03693562772947427,0.07567037276686327,-0.047600661941443495,-0.21050703258151107,-0.016026562034157803,0.07077964140874747,0.3869927338895601,-0.11526550851674132,0.181411719429763,0.1514021508527246,-0.028747315613270284,-0.14106222218234596,-0.004327704729256513,0.2272540885083391,-0.17984791602635333,-0.02339102435202457,-0.11764547222449115,-0.04487069991857544,0.20558928741681268,-0.04568016174078957,-0.032230629820977116,0.05920926756472954,-0.016589274286639838,0.0764270169869877,-0.17159007897374484,0.43922669168851114,-0.14889041208262166,-0.12121766576525704,0.030675298335000104,-0.12530464701610092,0.07182684212411461,-0.15299384047153308,0.10958118974635629,0.1799050776532254,0.2642885442188166,0.001499807256334301,-0.283258170594739,-0.11178538372359556,-0.38388357462312533,0.09871233298264062,0.1333683157176725,-0.053244543497400335,-0.23960016242319537,-0.19443610411335885,-0.09993178089903106,0.1318679028378585,-0.06482848069124293,0.19662754327460633,-0.20444647575881753,-0.15652343963485166,0.21477273452317386,0.14929575205041762,0.09788576548906983
SEQ_0039,disease,0.1579659625318275,-0.20667716360504065,0.2430908532550893,-0.20333263848006278,0.03348333073423753,0.09462831656652211,-0.030475293475395442,0.0519865508444879,-0.1584182059160099,0.23912026452212473,-0.22118746629321503,-0.03667976280467083,0.06292910402140588,-0.0728842668463488,-0.17244483081655956,-0.08428806262154555,-0.03441818068108926,0.3770285055534134,-0.0729174265143222,0.2089596797163622,0.19056145663004032,0.04891322107833941,-0.14356784253952842,-0.07592630114386749,0.1778662108568085,-0.18348481906996325,-0.05612732518618646,-0.08123750491775125,-0.09855588095197824,0.15066324566744377,-0.03967314069685992,-0.008624648353563299,0.05806773541063839,0.08117085679807398,-0.002553079433684767,-0.16100544730080488,0.42013146369224397,-0.10890305729527416,-0.07399274744342081,0.0873469966547645,-0.07978239423485564,0.09367160524051772,-0.11458039288708685,0.0701707363231628,0.17672196103310037,0.21245018983411837,-0.06816815878322045,-0.29078740544233006,-0.16878392469028639,-0.4327461368783924,0.13039123951701656,0.18778846754626183,-0.11176255361246093,-0.12915633137910112,-0.21975201229852795,-0.045051466038002974,0.10896134299506698,-0.13714901122048961,0.10611059899068212,-0.22896304276745816,-0.12458687550826374,0.2338333363131599,0.18490672674523334,0.06743288237578873
SEQ_0040,healthy,0.14131028708595006,-0.16861633686222038,0.2422833577311614,-0.2709185327701859,-0.0844499361131095,0.10081183221312992,-0.03626178992745779,0.14065177005067442,-0.18290688374526348,0.12763505235386677,-0.209631073715648,0.029376200893541635,0.11258980992356679,-0.14820994707157686,-0.16454496726669604,0.02058465841197827,-0.005760257472365107,0.33235587091522806,-0.0862680383428773,0.18911596531426714,0.1595172790467022,0.07394584972149236,-0.20102098498539736,-0.028397498721627053,0.16856187933301067,-0.14568342645709162,-0.003268368079838716,-0.14695970084542473,-0.10676381462077722,0.16226861085114067,-0.04280513844227186,0.02176477648830173,0.05777627723179555,0.06248064223065218,-0.05055910463002857,-0.15850210585351573,0.4254311096429918,-0.08252680447327589,-0.1698339053369099,0.049500616950582554,-0.13572918933356576,0.14081215384010107,-0.10509096240234861,0.076684418640788,0.15133790418861096,0.22021325811840156,-0.06834014831569901,-0.28913527405001804,-0.1820141506952852,-0.4287884100858187,0.09841168908124112,0.11703328638217056,-0.007246561018632905,-0.20850091296206852,-0.15375430307552893,-0.04275111860504189,0.05616084176560019,-0.09101301075221359,0.17904350315108106,-0.14411250591418068,-0.18168019561743082,0.2651861554295718,0.14443751945284536,0.002915089278824107
SEQ_0041,healthy,0.06035088399096861,-0.16837204743332507,0.20499801516655977,-0.30976278587040246,-0.08277754292845112,0.10171601925060761,-0.03409516852279162,0.06919440321602685,-0.1535240185243049,0.16138831357109004,-0.20552549561586897,0.03359381418456153,0.09920005452184645,-0.09977114331153455,-0.1445298536583692,0.029809244413733033,-0.012703216714252662,0.3175702263348106,-0.10370080021083704,0.1596854933826541,0.08928021367173897,0.11216924235940294,-0.12508430334429133,-0.03355222539614786,0.2116905146177644,-0.09980746124074134,0.02578967652798545,-0.14065052099118455,-0.1338352905740086,0.2023009162272007,-0.028621346761748837,0.052444895169661526,0.0762699698260901,0.0777699357830125,-0.07273916423000479,-0.17027635363089422,0.4685668790573919,-0.12034155177141134,-0.16040571265488984,0.05833373994738081,-0.11575509246879415,0.19184016303319032,-0.09130271968910066,0.08913312618598683,0.23265088495285186,0.23338809763214133,-0.02253989047363848,-0.25002072331211367,-0.21925865970993508,-0.4296132441445495,0.051375194471044466,0.15376609726305077,-0.04621938570456298,-0.2211263866443937,-0.11414223391157396,0.016034546033240685,0.025077385296321118,-0.08193017374666772,0.19673037012644068,-0.15432997383108482,-0.18239595527266936,0.25562361985042853,0.17988315821514103,-0.05725265542791412
SEQ_0042,healthy,0.14253309952812793,-0.17941506344759453,0.19330381168827818,-0.270980133918495,-0.05089029916330404,0.09001769724109324,-0.021855947934397015,0.05781277861579992,-0.17796337588823213,0.16827748549245722,-0.23267030758066945,-0.018193869506533594,0.12455618028744293,-0.11615939371640245,-0.1525501764398938,0.047994814995205616,0.017235676600454438,0.288652878296811,-0.07246114697284808,0.16507752391095076,0.0852227523898426,0.1151617591286168,-0.1340930596717298,-0.014514725548479006,0.17561175846016824,-0.11866385663808017,-0.02892873452386879,-0.17855562367335995,-0.15378052872639858,0.20652944294364112,-0.06821908096354426,0.012766802121798539,0.02697189289706943,0.0634305123486264,-0.06908315380252429,-0.19430486879603698,0.38748944517215694,-0.14857762227952448,-0.15992139914183628,0.03829609069758276,-0.1063231983148932,0.18530143113404496,-0.09775656393224852,0.10158826559833058,0.20468069895863328,0.23541594884789627,0.005695342018465496,-0.3400836980135426,-0.2156488861068753,-0.41288800983872287,0.07980881312835801,0.10542404492124907,-0.125184134088756,-0.19456624965417713,-0.1482930461463923,0.04596417579930249,0.0381817481195283,-0.09328622987030792,0.23497963862895094,-0.17457624121310067,-0.17633583867980926,0.2276517907252955,0.1459265287620308,-0.06379578710944084
SEQ_0043,healthy,0.14915753428114373,-0.14965198613699773,0.2056801010004827,-0.3061871624841745,-0.05969626715231825,0.12154808087322182,-0.00821775657546844,0.14952138341356405,-0.11896726701305715,0.12839086460574076,-0.2693142989307581,0.019222697434879917,0.1714228558686711,-0.11695410189554632,-0.20108553515300512,0.06363049551612057,0.08105861138588231,0.3240412591149266,-0.08643725975154594,0.2137278892313013,0.21407321033068566,0.07884156652654414,-0.13730123652104137,-0.03455840785720071,0.1461422544576314,-0.10891226791475493,0.09698682559840821,-0.21157336954908212,-0.13174645654733927,0.18514896381702456,-0.07254716904980367,0.03431374886914385,0.0737651629995048,0.021113176686827224,-0.10392487877350194,-0.1050000585930546,0.4383444003834035,-0.08482496434978612,-0.21531877723863926,0.060165438620185,-0.10178514057987034,0.14020861441026883,-0.002348114757514596,0.12447592111255533,0.20207629845515468,0.24359639547448128,0.022984257080553044,-0.27060266562167434,-0.2585657009379598,-0.40750696711814494,0.05043518408130914,0.08300046263902287,0.005291000088944368,-0.31632854855817527,-0.07528166376079685,-0.07293396116299146,0.06015813524461526,-0.044698927577111754,0.13441454779996898,-0.07905696117758568,-0.21943957959173357,0.25772641802725776,0.1354012162372995,-0.003157127580185986
SEQ_0044,disease,0.21727344000703638,-0.15800646118563677,0.2018911338590929,-0.20063879485792463,0.009170684687779465,0.07576217365693233,-0.06013841663367077,0.10765961866566759,-0.15294593530554096,0.2422269864669983,-0.2261571882100292,0.012914155264906102,0.10676981259038115,-0.13203339068767944,-0.1711877610870346,-0.01962381849291333,0.005413564842716429,0.39953753203566456,-0.12005201604989221,0.13205945653822138,0.1790015216810662,0.07894912072021422,-0.2007516825403261,-0.05120532525995552,0.18502389451995824,-0.15653792757181903,-0.029755968762650235,-0.10962459393340168,-0.10852220520378383,0.14024417428357364,-0.04589090820851446,-0.04329728327158836,0.06834704276613744,0.050644171393850024,0.005585901769437636,-0.10406842623844632,0.4270163496369525,-0.13113868761765696,-0.13615237543908348,0.045423117388780396,-0.09936174634147363,0.08157790695827513,-0.14333545246967894,0.11273131087184148,0.16472024244538133,0.2484371877139187,-0.019536728898710137,-0.31265866770380213,-0.19915561960186517,-0.37389684817267427,0.1191080603770064,0.13635155973113888,-0.0723083231843066,-0.1754874623122694,-0.12542767765604007,0.004984748906334868,0.09930163886864937,-0.06906467598071289,0.1449271680204847,-0.18695858949901442,-0.14538489876470537,0.2406713846529727,0.13941915086562956,0.00396358726597599
SEQ_0045,healthy,0.1241470994816166,-0.182204653333552,0.2077447870201616,-0.2869912302697708,0.01612785688548338,0.12126256645032767,-0.0425276346474333,0.025887820444198982,-0.16322304042513977,0.13710277874209642,-0.25800408270503955,-0.04455252624796334,0.11451121771902183,-0.019038784374830534,-0.16103662288854473,-0.0045888006610525535,0.03470784902115642,0.2811532646364649,-0.08759476175182246,0.15179500630021267,0.139465934122589,0.14268301184654178,-0.092633722474043,-0.022304115566095517,0.15341649415758024,-0.1198662439935347,0.012724075679504837,-0.15758854936288055,-0.16694131153203254,0.22041653948236295,-0.09786277697808245,-0.010906573879587914,0.07652947003059093,0.03874742232778039,-0.08765749825488633,-0.17612967760696688,0.45475835089745653,-0.11624581301372916,-0.11814158353226097,0.09106664043909628,-0.0883256483065333,0.17076846048295471,-0.0739294073795485,0.07620721027196936,0.2785140432212819,0.23574360981202444,-0.026958352376523657,-0.2937176310742786,-0.20289784538496114,-0.44681721581614364,0.07586017232336123,0.17715399876930962,-0.09293849635177791,-0.21634295238943474,-0.14556625591914021,0.0028390604767124642,0.006268877416474673,-0.05719320611172425,0.2097093158130525,-0.15441118893720637,-0.13842927178679057,0.25244620639534404,0.20272774207172656,-0.05071170385607292
SEQ_0046,disease,0.14759053898434088,-0.18552867913626775,0.2037044635697282,-0.24831157333314086,-9.18292893499386e-05,0.07065694195066434,-0.051911571873824267,0.06603334687840279,-0.1698895153637095,0.2220802416723919,-0.21037614275917382,0.0062060015336430204,0.0812593923579197,-0.07250275655367085,-0.1709907787713371,-0.03845092137983282,0.009142865806474106,0.4023822467969004,-0.10064941552958777,0.19771157234469133,0.16092634851815565,0.04706046407998669,-0.1567953242394913,-0.05455715974373109,0.21575590871419892,-0.1552952173318515,-0.007844819932131333,-0.0844201501667251,-0.10457655215409323,0.1652137687878584,-0.06816597771239052,-0.025706320940117832,0.04456324167887216,0.034031739436713254,0.015607842357286171,-0.13301149828540032,0.4349033016575007,-0.10631571938916624,-0.14043258919868992,0.06518489853846843,-0.1026383089613362,0.0846852788746837,-0.1161037723189008,0.10596793197722106,0.16616419284519818,0.23402221051560193,-0.03572384970484748,-0.27053803529732956,-0.1764514743297261,-0.4163167691011602,0.06913014009854025,0.16182505360330063,-0.07799197473658402,-0.1830876905245119,-0.19146673431589797,-0.06352768669315102,0.09809652234235704,-0.08089960614178575,0.13391882610147227,-0.23147829776703524,-0.14294997777473234,0.2518837344808965,0.1619196421202857,0.014600091618322498
SEQ_0047,disease,0.1642550236801962,-0.2129477616168317,0.20696279530082592,-0.2718799202642166,-0.06666912713555366,0.10357040656909165,-0.03796241469231626,0.10626583298924781,-0.136276701046552,0.12014055007204637,-0.27178372272036694,-0.02886688658320983,0.0836080250955311,-0.1491323949581586,-0.24087171603014101,-0.0247586198951912,0.01730081744671909,0.3736713511129925,-0.06737837717211322,0.2710320419087057,0.18447702876036023,0.0011106560582216432,-0.17550825719522592,-0.0335765307420542,0.1550465069690043,-0.09642115838185425,-0.006738430293049474,-0.16524909101776056,-0.14617980781687812,0.16779857284164695,-0.10155985601021733,0.0022338325172603438,0.034714233052717515,0.05559090721821341,-0.01303650935172656,-0.13892624090495953,0.4055570329115392,-0.08983934723255449,-0.1623610460813042,0.01078222367227191,-0.11026643907312166,0.09409399697261916,-0.045794689007805395,0.0756198573591529,0.14718144793185253,0.2166770423077414,-0.00640597137031426,-0.2944747205175108,-0.17608432037729055,-0.3985096868751129,0.014173619163742369,0.13600047671744786,-0.08842773497065998,-0.19095022056119607,-0.18934414506802952,-0.07131671580585336,0.1278830497700991,-0.09171914035382724,0.1286345100679059,-0.23813007270762562,-0.21662841651484385,0.22810605333244977,0.12232592274325953,0.03506138944378804
SEQ_0048,disease,0.1459313000315433,-0.199282452060772,0.18053033258806978,-0.27709925144763364,-0.05316246105083298,0.052110369465263026,-0.02434118143904093,0.08446262069591119,-0.20465157585707927,0.1480982101572395,-0.22067764902248238,0.029716650991682046,0.10683386787992902,-0.046416037861637074,-0.17795257632575934,0.006908192409109385,0.022532694847849415,0.3522801216174077,-0.08359357185945301,0.19802056089493994,0.09934238470087718,0.0753509747882557,-0.15753660391178298,-0.014548607778279871,0.16416385787622426,-0.1466402068944387,-0.02216496920006672,-0.14462032539974326,-0.1593859038923694,0.1668323507651383,-0.1020552781395127,0.022455130903687504,0.0318181128269391,0.04822658838687993,-0.041094148182680805,-0.14837531000075047,0.4075467063005752,-0.11762974006704836,-0.11891463678025756,0.05357208472167786,-0.10175829456063024,0.12654343254577846,-0.1250123633684975,0.07356404746752292,0.16577607466749414,0.22401747123032908,-0.033845216752089374,-0.29402699244154995,-0.21437410318806016,-0.39904272008027847,0.10507151158743705,0.12971229586868913,-0.11644015710698111,-0.16790149456539138,-0.19361000345685564,-0.046559280253790296,0.02954770021644027,-0.10408295141194579,0.1819086201928104,-0.1792988935926466,-0.1686990705546274,0.2598181746251719,0.13139314478667277,-0.021380539907137723
SEQ_0049,disease,0.1382213223487761,-0.17059821006732595,0.19730057452483926,-0.25568611999731844,-0.035865241937056196,0.09979492065351346,0.0019040080722652908,0.10885757739506245,-0.15073897754038476,0.2112570082746937,-0.20611083002065184,0.0009308804978768151,0.12796300361441115,-0.1213159471659797,-0.1641107748559131,-0.019451503264239497,-0.007229629378071859,0.35076534975285256,-0.07282288817830691,0.21336755680232186,0.15605195493719853,0.07136495575456354,-0.17555884187002302,-0.04230372896030706,0.1902731426308861,-0.11038038460656607,-0.0063172368236722645,-0.15047249817033417,-0.12861483670659285,0.17979033618436946,-0.07157413052503263,-0.011455269501240112,0.022961230626205396,0.0745691113585167,-0.03625668442538793,-0.17003011517825972,0.38278153152610966,-0.12418286446486401,-0.15587356478469194,0.01559045946251344,-0.13960396100391845,0.12648878752353085,-0.08571242187367199,0.12084796451976342,0.18047836194446054,0.2224574722603263,-0.002030968426087534,-0.31557204273491185,-0.22828055513569698,-0.41772715989024667,0.09380627697320527,0.12215393749302336,-0.09036877836645552,-0.17270925882623167,-0.17391980445448438,-0.03886249924931083,0.07832847526747941,-0.08933962237612238,0.12546177557797936,-0.1793462589930769,-0.1566538043614632,0.2577598152025558,0.11445035000106535,-0.021205385857543897
SEQ_0050,healthy,0.16301775170710733,-0.19352317053895363,0.22348677733620542,-0.26846912590417293,0.040817934386949584,0.11188581194741386,-0.019873322680262668,0.043199482233828475,-0.16382601421306642,0.15948362552872883,-0.24658868915901783,-0.010927853219334328,0.12758653781645454,-0.06823537362571871,-0.13530000667901756,-0.004281456438476519,0.014303556861235935,0.2807654312697456,-0.08916372253501677,0.14640790740756038,0.15651387919788107,0.1324874593615899,-0.12341026381434751,-0.05750730196727934,0.16770001637812484,-0.13802393020243103,0.010762701832098417,-0.1287492074755256,-0.16755588155970264,0.160473849256249,-0.06653887191120411,0.0033815446210194336,0.07807388959069378,0.05762491676655369,-0.07774558499011144,-0.14872807726656906,0.4392700962853055,-0.09638647830124837,-0.12029510371886111,0.08736971073054987,-0.07070481445982119,0.14142992166821894,-0.07875326192353682,0.07684519824521847,0.19931016981368616,0.21265882306231024,-0.049430983808985716,-0.32205445360613166,-0.20689502344700794,-0.4620386105996955,0.1144922025035055,0.1422924993267631,-0.09813869719128214,-0.2114720631519898,-0.14774067827399337,-0.003948596380029142,0.01448336488971594,-0.11364643105577515,0.18477449759869483,-0.2068557542731889,-0.11020148372352395,0.26547861886686297,0.20929469221280214,-0.036066578366209336
SEQ_0051,healthy,0.18641320767044436,-0.1969600772330785,0.178073748631289,-0.24301253312833898,-0.08256643399991859,0.0408368490431472,-0.01797618361603793,0.07268209021066449,-0.187441657666463,0.11463922969277454,-0.23522031115169598,0.034073979793356204,0.14298357164198777,-0.12778130396849516,-0.18025904564800735,0.08159906482720403,0.08374903523693954,0.28367935818684903,-0.09539887657713822,0.20079881131040828,0.10901388296324531,0.0998244628554111,-0.18137411920909097,-0.013770058207269979,0.15763008147509133,-0.14797482850517535,0.01694114897520252,-0.21004511031776935,-0.19226976786237454,0.18782061050151838,-0.08560848728282902,0.05403814395236658,0.057600927690083494,0.041348144901073296,-0.06979158808109606,-0.136628149492405,0.4258617991682723,-0.12068839853703485,-0.2051339944845382,0.043303915325667325,-0.05747350701351369,0.1864683050661552,-0.1074964714856333,0.048396166271638896,0.18845991778184146,0.2501812247082895,-0.04646129191415525,-0.3381188918381207,-0.1905936570260517,-0.36833804458973923,0.07235415212357849,0.04048802332113835,-0.0660894442255499,-0.24270846334168006,-0.11881541106236555,0.022467346893973627,0.029424095201115382,-0.07447783029488578,0.2726930648319277,-0.14844977578070165,-0.20018894994127207,0.22695478851198342,0.1708835898828854,-0.07581376353150657
SEQ_0052,disease,0.19476676208656618,-0.1743429765047361,0.19448707198511211,-0.23420535068720066,0.001010523820025546,0.0846280150361957,-0.05071679643020787,0.039975394350996236,-0.21833107333733587,0.21248251027764403,-0.18274104550188494,-0.035521654303338326,0.1255094576604144,-0.08529739128598875,-0.17300814361247527,0.0477629230383933,-0.00843540214874796,0.41917600828081947,-0.055163701739482644,0.16837730563692424,0.05637692271922008,0.05190253489868985,-0.1303112563046248,-0.0331653980191439,0.14103528198811674,-0.1422726039880802,-0.0394969490373278,-0.12763661724441738,-0.13624113620256234,0.14626723041446948,-0.032462926017314486,-0.05350113861277456,-0.0047463721378188245,0.043156296607787095,0.024419739690746498,-0.16656816342627262,0.3557466667518482,-0.16638285800387123,-0.12888929522014303,0.023365335321761223,-0.16365228667892665,0.05810301796774719,-0.16933722158009912,0.15455075973485766,0.16203401951720992,0.26570667739751913,0.05634924530851813,-0.41376325806015946,-0.24821619090315922,-0.3913100360970387,0.0829625052770154,0.07305448410345422,-0.13095668327485852,-0.13303546307407974,-0.11865306774783546,-0.009130724567179671,0.0873725808557304,-0.06039085028401731,0.17384405937205702,-0.25840937709386685,-0.18058440120859937,0.22954658024874927,0.13690199255491006,0.0407400688269892
SEQ_0053,healthy,0.18493425045857417,-0.1845697900558169,0.19370868834479069,-0.23914474195923197,-0.019817195486440658,0.10580836900281841,-0.0360272938080196,0.10014905179364438,-0.14583532970978955,0.15325105021739543,-0.20964944986697776,0.038504021854680964,0.1467025185932583,-0.18601007297433053,-0.1278600902367644,0.0558705973627686,-0.028281504790983392,0.3114281969425977,-0.07071346954003206,0.1503544040141953,0.13318836281853394,0.1526233578806595,-0.1856039076418764,-0.06353082748905785,0.16133667539266364,-0.12917521697180456,0.017394515496413018,-0.1585076013559707,-0.18699271572396703,0.12095637113460656,-0.004753344855762525,0.037421369577820336,0.09357842637541461,0.09680547019777948,-0.09142215468601422,-0.1154039150126418,0.42450152439883454,-0.10203471839804608,-0.18736627744549875,0.04094469039163397,-0.07701798986050942,0.15284863587799352,-0.10452559689916321,0.06685171690066302,0.1691949852557627,0.21816012380709904,-0.03879411253257674,-0.3625124234417551,-0.2216549094447005,-0.42263383893212403,0.06814358179528122,0.0749371375306202,-0.05556027267227145,-0.20933379336141042,-0.06656514519386209,0.08029945746616246,0.05435561942206035,-0.10922144089522143,0.2111865598506207,-0.19786568729574774,-0.16870326226515567,0.2489371830074343,0.17970193753460637,-0.06651903994917965
SEQ_0054,healthy,0.1834773280067718,-0.17322432028788334,0.15717020171136506,-0.2621753553383318,-0.028180827930378162,0.0299740103670142,-0.016321842032154928,0.15416732473823305,-0.12488356799020953,0.20291572381814213,-0.29571506280510557,0.08387280738108237,0.14579839083366802,-0.1121018989694696,-0.14375617728663367,0.020972607848571006,0.1349160222939387,0.3803079106573093,-0.09250300467082216,0.24414307252647716,0.21176100496631378,0.01269133983875177,-0.11574560359597134,1.0595366630557593e-05,0.21345763433646167,-0.1680568089037855,0.046823154037983615,-0.14379282713077454,-0.1199137275859982,0.16616539943050604,-0.12418636190402621,0.021307460868549368,0.044930263902317684,0.009761331168845557,-0.037953557323695826,-0.11043728684336267,0.40456838151002766,-0.12434007325192098,-0.21798720954265147,0.0037731888438258744,-0.04612269979360373,0.1359056064795666,-0.03666560325448255,0.13828360326756978,0.191382730199717,0.2388486677828853,-0.0023211796529602423,-0.28953719011666523,-0.23810012530237204,-0.33106597934496634,0.05827367790689401,0.04991093976702001,-0.1511848919400778,-0.2686832070889551,-0.1843577959350837,-0.12725120628691272,0.07369761183374426,-0.05123726426933997,0.19326739238546017,-0.16362558225670565,-0.16255239192606788,0.24207778340288097,0.08000030520139323,-0.018806935824637286
SEQ_0055,healthy,0.07003467385688945,-0.16727183350760705,0.2573316911502833,-0.361360679951963,-0.058774133984215216,0.16152189844691092,0.021487384969122527,0.08250568138502899,-0.14174317166750422,0.11914625182834084,-0.27430900529520774,0.0031774281519146553,0.17406097951453856,-0.05803717447432449,-0.12198087759899784,0.1084787439763238,0.05659918627689865,0.21190052585154723,-0.04294640481393278,0.18027985322540666,0.1176438919242686,0.16551999777309356,-0.042022506687806785,-0.02747470247875107,0.14996024290446355,-0.08223531284810272,0.06478276726005569,-0.21629609846359818,-0.17056842523384605,0.19586977158058141,-0.05304700799891269,0.057512045882014536,0.08198469606737897,0.051526087479087754,-0.1866911379472067,-0.23021805293318987,0.39685669439627336,-0.08175233813789572,-0.19535716984001716,0.06274470796239795,-0.08177381541701455,0.22869152184047198,0.0318453334407675,0.10249958433520497,0.25372687433280716,0.21234163332962744,0.016995739151765575,-0.2915907898921454,-0.27827052702989674,-0.4660413686296032,0.03523681988553174,0.08442185518402673,-0.08880143863022198,-0.3070748893210442,-0.07753758917675628,-0.0181919417435792,-0.009548502843068346,-0.12259177417472322,0.24271833007722893,-0.11797568140226074,-0.18658967845089366,0.2555842015522906,0.15723350754581739,-0.08075971115464424
SEQ_0056,healthy,0.05093989605223345,-0.1741103053125034,0.2013614521730909,-0.3262904606064297,-0.07752298741075528,0.1464583859544584,-0.027737583464051495,0.06376288579344891,-0.09954157254281205,0.11477473967324024,-0.23639598025821848,-0.022859133686641227,0.10075627808473855,-0.1436985715488975,-0.18108250677115495,0.036771212658315164,-0.012083172009709856,0.2349177960969463,-0.076276651107782,0.17589391959246625,0.12046749126097077,0.1589030356940671,-0.15121075276659526,-0.03500984787659734,0.1762843290076645,-0.03249500379158904,0.061382142818783354,-0.19773299654242077,-0.17408393590549223,0.2568539885941376,-0.08589599130599171,0.05192326887346139,0.08251032431127,0.09038216515638087,-0.15844562354810376,-0.21330302997708026,0.4509719000382214,-0.10549164637200575,-0.1726659440427436,0.06579065303692527,-0.11530765943567765,0.26639050208254395,0.010844402299174508,0.0518164025441806,0.27647259946811503,0.22228996888416083,-0.0034379874315670273,-0.24341025780954567,-0.22829641050993604,-0.46291634552689026,0.016696822442836816,0.18405676967453605,-0.01662308479138164,-0.22240757977910133,-0.14470032793219734,0.055152329022910215,0.01647166318497052,-0.080788676934395,0.19913055063481824,-0.08209884641489158,-0.19916311235082956,0.2678879972186314,0.1738584175168886,-0.10140808182851034
SEQ_0057,disease,0.11569097367031747,-0.1292552051149628,0.22457337793617357,-0.26233913278067184,-0.05485767326733582,0.12617216677828616,-0.025776416235633436,0.08401450773281363,-0.19211813910814268,0.23557460528950483,-0.16304511090652563,0.019617917842014842,0.0976074159344661,-0.08657564431791971,-0.13907233623953638,-0.04420521085595044,-0.08319055140086334,0.3722198954615612,-0.10221523245238226,0.1438124706951237,0.155585548863808,0.07422497874617459,-0.1953838542603922,-0.041700519234178064,0.24421277731258764,-0.13978829428622816,-0.047465633018034734,-0.09331584656374058,-0.09020153200116643,0.17133041557741074,0.005180052413274487,-0.00041461731344722466,0.08740252816580057,0.05254698082328049,-0.016734311295354416,-0.1774114641865216,0.42476376250541176,-0.10218429463473225,-0.12860550125826656,0.0503672836681795,-0.15750470213964884,0.13250781735925973,-0.17204912078020984,0.1122656067835262,0.16513983661562417,0.21091997547151786,-0.01956979074039972,-0.2545736614928193,-0.15832562469069353,-0.45364628798468193,0.09800413820802478,0.20007034351962968,-0.014448063339130823,-0.1615316951775419,-0.16570941631521574,-0.007051751803290567,0.09167256793636423,-0.08800555468900531,0.12311725756349676,-0.19479551632553893,-0.11514715980189753,0.27232959773515586,0.1337648683287008,-0.00246686389613736
SEQ_0058,disease,0.14753260478146252,-0.24026783706809507,0.2152162645612044,-0.20468134981869893,0.023031847722887383,0.04205995926753966,-0.06147522117548591,0.03423330800825892,-0.20405399365883162,0.20260011143420478,-0.13925607899169284,-0.010017202730323239,0.05418011181550847,-0.08190733171806294,-0.17428651884893645,-0.005244287811664449,-0.03957691985644353,0.4563765401157319,-0.08893585936614042,0.21339971406995042,0.09921599319818585,0.07863619431086957,-0.17598884164715448,-0.08997294773761705,0.16247947768955745,-0.20207593121432385,-0.02283507853143372,-0.09492385011583497,-0.14723828178853351,0.11424731602220767,-0.0603426031840074,0.009835471312623521,0.01625892039317648,0.08749652379384132,0.017873021793330987,-0.1157015588077181,0.4054109966936197,-0.12009148460546365,-0.11959108073985479,0.10558294970003898,-0.0860378450177265,0.039667627873906694,-0.15368415451892414,0.07319254183124127,0.10969306108089975,0.2160707545459127,-0.06495161259511055,-0.33004302055947865,-0.2363417168960508,-0.4098037562534301,0.11012128404955174,0.13852349749016812,-0.09382768007613852,-0.10591835751066322,-0.1851718412801485,-0.018973611711824687,0.0756894479749238,-0.16203963259398546,0.11424482030761143,-0.24890547115184652,-0.18840852135028513,0.26762346526559067,0.2227623063765266,0.047169667487768394
SEQ_0059,disease,0.17253775806008606,-0.1507145639152933,0.19133998836489885,-0.2383111793733647,-0.03931123487261463,0.1227248374994623,-0.0354853512650798,0.08499768419604364,-0.15312679137709076,0.22739881316780336,-0.19918616014524693,-0.009855615083364373,0.09276900951885347,-0.1313235559547133,-0.163586932171471,-0.030179567955980164,-0.03132267496035589,0.3664037648770705,-0.09858137961096344,0.16857453149480026,0.168617628742255,0.07781852046860643,-0.18871564072193903,-0.05945181037252941,0.20373322883567144,-0.11555562147016098,-0.025281111900996377,-0.12297066681427099,-0.12375379983475221,0.1632220635125886,-0.046378486902972436,-0.0322750992537126,0.0736024298154226,0.05442736657068834,-0.023233492262573808,-0.15855570367557228,0.42956038802690716,-0.10581122790131275,-0.14824529102715536,0.03283054343762322,-0.13282408855371994,0.11954621097273639,-0.09589096995966477,0.09425975861715248,0.17820744624809692,0.2211147440390502,-0.00483522112787184,-0.2823335614956481,-0.1918969484375289,-0.41666202573846683,0.07178049490513476,0.16369748242996834,-0.0667281184974598,-0.1795157804973051,-0.14305011655628064,-0.012878062247052633,0.1151157095851829,-0.08653879418142314,0.12631634740162173,-0.2034810817104699,-0.13292614652410797,0.23520159441917127,0.1268624740289058,-0.02393327344190132
SEQ_0060,healthy,0.11793867957401159,-0.1772809432458149,0.22886823809667248,-0.25228996980509405,0.006423551171828876,0.0633263788310082,-0.0137639345302183,0.04952956661567008,-0.206414672229595,0.20920805905376927,-0.16405186887151843,0.019587450935246723,0.09389030719531424,-0.07207821649059117,-0.1303424290771399,0.01161873894767686,-0.023989239638863884,0.3474329236549735,-0.10354073934005825,0.14890966650590715,0.07280404208484845,0.12168459939747926,-0.14140200350703688,-0.02918155621431057,0.15128737190081615,-0.17576049959749052,-0.038389388075898666,-0.10113276575059782,-0.10444416187278228,0.19759477325226268,-0.03809339969200751,0.014124296986156885,0.031458388358499824,0.07037831225294837,-0.0358116832853505,-0.19861984831454912,0.4115875425734431,-0.15522343586261483,-0.11293838555238353,0.08027612670549185,-0.12160094472631976,0.14228973155627472,-0.1584619550114432,0.08482397250600475,0.21260178731738105,0.24941173955956022,-0.08170437039877183,-0.3178762616041123,-0.2075576616904406,-0.43060817114674954,0.1599548677455583,0.13746258569684747,-0.051511376504735626,-0.16206308850823886,-0.19996839209940157,0.002258287863204648,-0.0022375121660525173,-0.10659531888853452,0.20727268063430515,-0.1237213701185937,-0.1252797351660225,0.2825442147870654,0.18064993597376994,-0.023198297724339647
SEQ_0061,disease,0.1617780349171893,-0.1603266753506389,0.20958663893098542,-0.2202078729522181,0.05769260274193786,0.06661447580166244,-0.03121989842309316,0.07803999266111143,-0.1638599059479879,0.26184377100148754,-0.1805181208941088,-0.0019100785706137049,0.11192671340975238,-0.06710255729127694,-0.1519521264300375,-0.054812623808429446,-0.023112511275000733,0.4156169492848611,-0.09679931861395888,0.1716724616880857,0.1545110439479867,0.10117019189613037,-0.16827442513623267,-0.09175183361609862,0.1439594661618831,-0.17017684050893442,-0.021345006038384004,-0.10109302644067834,-0.10832049316416711,0.15865695541850885,-0.08441589417546537,-0.037038177785009854,0.03420637604371983,0.05241642791076612,-0.028510904073638876,-0.11127089845912465,0.4172966439587801,-0.12171568232001578,-0.08620204237817654,0.09645712060101125,-0.10855144457767782,0.08277460530002317,-0.13220039909900447,0.07826752947223721,0.17854079233317616,0.24864923392452645,-0.059015106769247504,-0.30459544033200514,-0.2213588419967673,-0.42790758839680604,0.14925942826969482,0.15609296263110586,-0.08118251372082624,-0.14253248783822242,-0.20414384329330698,-0.05616635817824542,0.04887281790140697,-0.11416426208508781,0.07598565298276676,-0.15720470997614272,-0.12834087927734397,0.2697471620152689,0.1580176963617119,0.021176364255767067
SEQ_0062,disease,0.1733286838897834,-0.15772122122127502,0.3078414058691438,-0.23306536214686985,-0.005160835483483554,0.13730923384241336,-0.0229728883417927,0.05989117036749907,-0.23783383254980311,0.21395622606968243,-0.1756306637763606,-0.014154721655317618,0.09975225167365556,-0.0370191598934253,-0.15641232638030705,-0.025156969502907252,0.007413820683502544,0.42935017772323353,-0.09045388386703745,0.2086229789325544,0.17350001570589402,-0.0268353388495815,-0.14079960432547006,-0.054396876737734905,0.21753531572720777,-0.21595747785087405,-0.025238238998608473,-0.064238450316087,-0.04150474920532672,0.1246522681098826,0.0052950062780150586,-0.014297024122185567,0.0478701113268942,0.01036458406813308,0.07950422604690023,-0.17609807068982655,0.418706953443774,-0.11360747086457237,-0.11100982495087998,0.051030926384307784,-0.14694104426622923,0.021041512479670912,-0.16616718189708352,0.13342479556687603,0.13655667152802026,0.24314023643219096,-0.029018845541788393,-0.27674104076379075,-0.13386728817156945,-0.42288966277693457,0.11654580447489826,0.12334632499744866,-0.04411674953555971,-0.20627730322393734,-0.16417886814342278,-0.15247956063697324,0.12895731009988884,-0.12198048737640667,0.14375940008818056,-0.23339422548701458,-0.1217211158371831,0.24871597686283728,0.15286047371033407,0.14789055597580283
SEQ_0063,disease,0.11602247783512123,-0.24897400813656387,0.2162143469462134,-0.19474688387550773,0.03577184913859153,0.011010210005385324,-0.06325560652551945,0.09343052127593009,-0.13829538570132055,0.17812682623583237,-0.14495882939238475,-0.01320012563220859,0.04985655780027958,-0.1935814397736297,-0.21235260611739765,-0.010677668887985051,-0.07807246402394775,0.4454729634777877,-0.112192824301572,0.20305708092131994,0.08787276421101764,0.1666956380591258,-0.2335272243450029,-0.1633862526864094,0.07360259984587801,-0.17207624693108603,-0.014030854726865117,-0.14498651564588028,-0.13407135026552935,0.16509742052413565,-0.136106849790773,0.04559467416718837,0.0006316101667253733,0.12425367044509428,-0.07077700328553131,-0.111336045447955,0.41676189262804736,-0.1330654757084707,-0.1277029424342819,0.1608006170671399,-0.08150437304554305,0.06312971033192213,-0.09011156832152893,0.006694307269090217,0.12192933786460879,0.2508460935458948,-0.12229614317111814,-0.272655406908553,-0.2453059783888613,-0.4555939175476398,0.15465082275000663,0.14971035444782796,-0.015226133840627074,-0.09609917832800634,-0.2491915100381082,0.023889823749743678,0.018446720077242292,-0.20942707200303765,0.06362978041627752,-0.09472566799269974,-0.20681848056866128,0.2770408472631541,0.18842826448596672,0.04171998911497008
SEQ_0064,disease,0.14399366945575223,-0.2011314566566356,0.21653730309378022,-0.2549419164184174,0.006114763038533731,0.06516928748522141,-0.02020164940154496,0.09180677333621283,-0.1650117681383227,0.1736761673183386,-0.21530197464301556,0.005749350596981908,0.10154689658986989,-0.11154344669666867,-0.14607876875429618,-0.00921424654594864,-0.03336497207281639,0.3211093617582744,-0.0678537301422089,0.19303198191895407,0.12317469319051823,0.09875395315984016,-0.17422101828627568,-0.04049105120512556,0.15156630387082284,-0.14742692101566215,-0.03384994628804046,-0.11791351837004614,-0.13561939299254588,0.14639377315267307,-0.063720100914709,-0.005232126050201366,0.0076851622125935866,0.08459518252069659,-0.03881550674304374,-0.16800558854630865,0.382301254442264,-0.11071935307956729,-0.10852819695969916,0.0694036727579182,-0.10768506343940176,0.11744923192395797,-0.10796248737159073,0.08015777548682766,0.1512781915936247,0.22102025088366303,-0.06766674356528635,-0.34575566456004175,-0.22065249393756123,-0.4251132539675616,0.13565960469140984,0.11593702221051512,-0.1097684490229424,-0.1378311355898382,-0.19727088016797295,-0.019923051456308585,0.04334159485058611,-0.12614632726411545,0.15806320590306286,-0.20817735214929373,-0.1532497678239827,0.26927648835124485,0.16670653274149583,-0.0062938093283686075
SEQ_0065,disease,0.08765074413988067,-0.18526927728101703,0.25802903097597096,-0.2651106510565541,-0.03302628318249074,0.06638285616013401,-0.00022657671362326468,0.06585990504309391,-0.2299892136677815,0.19753913516962812,-0.11690292297110393,-0.016356330943409908,0.08803637000139045,-0.03262621635072592,-0.16791831961581832,-0.017290988704118125,-0.03784612760809541,0.4122148843672014,-0.07660492299933255,0.21890152595435594,0.09743456934110341,0.07845210261101547,-0.16186525816061378,-0.05610615454050054,0.13964760526763903,-0.18291815645999632,-0.020799837732794584,-0.11572826803007635,-0.07715803474775186,0.1842944680065666,-0.05304330181355288,0.02169587412092923,0.0029011228157398146,0.07575888310192914,-0.032039653227920385,-0.1743946162652236,0.39224561936523017,-0.11308625355350703,-0.10072213158709369,0.1077357819175133,-0.16409202850528834,0.09601018990065395,-0.1380321592200059,0.07112689702790648,0.15338777235069104,0.23098297900062584,-0.0875172490378166,-0.28466402885656256,-0.20733800481895853,-0.44355319503129087,0.1725268711401582,0.1419733421062233,-0.021625353116865927,-0.15208771255902775,-0.22774787096137028,-0.07507585780711185,0.03028479961499242,-0.1388393192141001,0.12017448623899132,-0.11734578537304345,-0.16175042400380762,0.2821682379040705,0.16814807467423862,0.05737254761213929
SEQ_0066,healthy,0.1541401251281568,-0.22268971094629558,0.170591638731508,-0.25706094230225784,0.0008809199086822856,0.03611685285307396,-0.011811874885525589,0.09999480222044588,-0.1516670709542496,0.2057100875433759,-0.24493137770128054,0.04940617084494998,0.11495930598972756,-0.1287742189478578,-0.12829806172720318,0.018514458411526238,-0.006131174202285387,0.31193849252832845,-0.068622720610068,0.18194712510263764,0.09673752489840982,0.11379914857921362,-0.14197574514346162,-0.024478228662499116,0.1686141905104089,-0.13783975368994938,-0.035349356703567696,-0.1274230376098588,-0.16514541803863833,0.13635023396345972,-0.06644572136785842,0.02548490450821967,0.01968216574295332,0.09539007707398028,-0.05655886155844041,-0.15831610765131685,0.37741057258478716,-0.1403607297074269,-0.11720155654514534,0.019883948021205237,-0.07237042421966029,0.16295941834341768,-0.0764432770224486,0.0743885906236285,0.1704014739218448,0.2187076153753191,-0.043984997126257114,-0.3649408008059445,-0.2506977104573829,-0.38612177617975857,0.1166029077480331,0.08929318063103049,-0.192315446144167,-0.1688508881924864,-0.19947673276109218,0.017169634333438974,0.029902921370891244,-0.15551171776569384,0.21690653936576418,-0.21674935088711728,-0.1469496513693877,0.250031063454929,0.1475922666250653,-0.07550112316619757
SEQ_0067,healthy,0.16223885923640624,-0.19246643055458948,0.19124789564488134,-0.2496120112248901,-0.00640921896178069,0.12689084040884116,0.016882838694759133,0.13062036634554608,-0.13140847059988314,0.18933794283618244,-0.21238295033730514,0.018492718026300252,0.16030754534456695,-0.20085484759038605,-0.12633477451596237,0.008613599906155733,-0.04372484954930708,0.2847675573510471,-0.050011007607455686,0.13306394998046076,0.13810230387377329,0.18773138853384372,-0.20439273284941326,-0.08319597505896074,0.14135917117123054,-0.12404116338002757,-0.006880779919176626,-0.14604497401662545,-0.17532362846642874,0.14961705386509278,-0.04998028239465071,0.028042819786503463,0.052200655786287437,0.12605278034128722,-0.1329390150888757,-0.16394829792076202,0.3712492605707093,-0.12190836504030457,-0.13542488709984848,0.05222857444845417,-0.11828485262304504,0.19374922473616,-0.05823180334603194,0.06227256766577738,0.18021194626713202,0.20172509772571745,-0.05347744880094102,-0.3357769524972226,-0.23493147773474587,-0.4777228888679767,0.13801798255803738,0.11733869540997856,-0.08022217460157875,-0.16722007003830966,-0.17274442520339883,0.05111125773076662,0.008946937703418052,-0.14211695353095094,0.16347455586780948,-0.12522832608721388,-0.12131227482453459,0.2670639185311882,0.1495195279453208,-0.10904091176900102
SEQ_0068,disease,0.19653451773924113,-0.1944334244690633,0.21613448354236245,-0.24180489094101798,0.058706820685713985,0.11625695780511487,-0.02107593390628049,0.0011932905965571629,-0.18045417501046687,0.19790344850586278,-0.2342159545686892,-0.08170797724195022,0.1031009878402621,-0.022436794345216064,-0.21059460640020966,-0.026631150171462052,0.027063792209376693,0.3588015228619881,-0.053343181315278765,0.23721640342484626,0.19008278243441473,0.03857036820658003,-0.1572242134815427,-0.05109911569982186,0.19345663074195826,-0.13480221441077556,0.0003446395269877628,-0.11505632410695517,-0.15234370858492194,0.17653636022506086,-0.08711406446017562,-0.0621878439894455,0.013245014158239147,0.009311608800292205,0.023979255745624355,-0.1622614111556777,0.38439670302654144,-0.12096928620232918,-0.11565325338281862,0.08087247835308928,-0.1041994182198685,0.042597776624192875,-0.09679254729939951,0.13260467105275944,0.1602027006588161,0.2295176255271362,0.03522122432189342,-0.34503619249067147,-0.18550799489374908,-0.44740121963430257,0.04273962827255025,0.12660653202185504,-0.0912956255267935,-0.16054310660029233,-0.16495369789463277,-0.08082378734671931,0.14049273036248,-0.05568884565720711,0.11506388708550018,-0.280839447948064,-0.12844642319385574,0.24337974390212144,0.17773385276393472,0.07122376240241049
SEQ_0069,disease,0.24179766883990533,-0.18449252011322387,0.19410675340362485,-0.1706457556905571,0.04964952302096274,0.043512439100591944,-0.02893804531704781,0.0846175940004027,-0.13323228340867835,0.25639845017845364,-0.176037695306029,-0.033419531464132755,0.07166311312212148,-0.13549930558828757,-0.2273407108029906,-0.0314316409444862,0.0020956931111839033,0.4741181338396797,-0.07301554846323792,0.21757002521327973,0.17834289824732036,0.04520610237684291,-0.2168970109609737,-0.0919916965265148,0.15208708834456597,-0.17140655301468835,-0.009660469126235683,-0.10800725898161029,-0.11198893904094202,0.13215920288953442,-0.09458211741265017,-0.048626061719492526,-0.0004112851935270048,0.05516388213728646,0.04346748034555871,-0.08388405936924415,0.39124524392019067,-0.13495175374035162,-0.12223220475485093,0.08604072145218784,-0.08955941647111254,-0.0008078191048492007,-0.09476520853308479,0.10151035115165412,0.12146378503164273,0.25534050903263283,-0.0012985564867965542,-0.3435513360649996,-0.20846975964620093,-0.39668145799191534,0.11998936029324965,0.12410568402084733,-0.06754416453897558,-0.11881080471419675,-0.20706175311571245,-0.044459184109759235,0.13404309861964153,-0.10880911414402555,0.06203252911655346,-0.22221147719721424,-0.17518827573859275,0.23222771820568974,0.1437463843334477,0.0837803794353793
SEQ_0070,healthy,0.12884108394204896,-0.1711735323548292,0.1892351289959907,-0.27854569567855514,0.009409414791681293,0.08263363343895762,-0.08518337077560359,0.0738597687390348,-0.11390485348365614,0.1977669899709933,-0.2731634340240855,0.03240646910396765,0.0845754140150388,-0.0733648890204449,-0.17212792764940887,-0.011750421194623372,0.08153502741829864,0.3768512194385499,-0.12267636240118822,0.1495125044458861,0.15069371113475294,0.07323265088288294,-0.08049250345352432,-0.045143417763001716,0.19070725485452597,-0.11188818920091714,0.052952744453035376,-0.11962029044715805,-0.12289004765003458,0.18854527203181903,-0.1179209194824623,-0.013501224545931435,0.09401875616481793,0.01291110194280424,-0.07179770323257714,-0.11499435552757964,0.49465634863324487,-0.12773366245648585,-0.16960869390257557,0.048439854319692735,-0.05234512843799908,0.12481689480001319,-0.03137210606060599,0.11447295112599175,0.26233399076239705,0.24731369600801625,0.0011358349736301833,-0.24675094360322725,-0.24691530226456998,-0.3749501193033522,0.02692518327083165,0.17241653239247237,-0.12486531092139605,-0.24661943656191324,-0.14582042434957768,-0.03974642406880733,0.05340622577929849,-0.06388826718200076,0.15551363131073545,-0.15623275846392287,-0.15777225493244623,0.2529480084774207,0.1464579135782945,-0.03594975112230371
SEQ_0071,disease,0.17299973414811123,-0.17520137458055976,0.23460350039880906,-0.23639487016378674,-0.043948397909288915,0.09297614627000476,-0.030979941210797998,0.0677403827372035,-0.21041172770128397,0.227528714751655,-0.19179560379862778,-0.02781785431893047,0.06081241066200399,-0.07840769067285687,-0.21405657646651796,-0.03616266858770504,-0.010212325345319035,0.4749150979172994,-0.09861311427221223,0.2307187343298162,0.16885600115106647,-0.026711422477159224,-0.16634299993761847,-0.040790747504013326,0.24222427269703542,-0.164166261236815,-0.04295188200983476,-0.09417328567588722,-0.051350988645335494,0.1499447603278279,-0.035380645600529996,-0.0027819220247361424,0.04022204966021106,-0.0004246021136603109,0.09108875147262861,-0.14090583766875128,0.425859399374868,-0.12881770323698866,-0.1418974320014056,0.03972059160868465,-0.14275034756053273,0.00785195010089339,-0.13334083912604375,0.11912693409994284,0.1277783350518957,0.22654986971511332,0.030975868307179626,-0.261083910911214,-0.1246229205487548,-0.4014541771457544,0.06312868836029777,0.14756951853483052,-0.06970954260507427,-0.19457628863234494,-0.19234964911552907,-0.11172892062402653,0.17922293574502687,-0.12906000850736674,0.11341951483119865,-0.27102765602015155,-0.16040920292554597,0.200836170316742,0.10625436250200657,0.12134787971058171
SEQ_0072,disease,0.17293234398084517,-0.189824236063604,0.23142550618203594,-0.21488437349702233,-0.03751294679415636,0.08371396055685637,-0.049314886731098365,0.06082127868125648,-0.16728858102942756,0.20615843644916196,-0.21778162473269308,0.0029829357098173363,0.066372634801259,-0.12366723669572013,-0.19131802491612185,-0.0774181140037911,-0.028021083757850524,0.39217325062612235,-0.11801638861844832,0.20044899938819571,0.19371866933922288,0.02377847890634051,-0.21694613563982776,-0.05763698079941465,0.23364806276629504,-0.1882259687935687,-0.040609753992699935,-0.0859921873571418,-0.09966638024855845,0.15890668635765903,-0.05368850083476765,0.010572819942819205,0.08302284722310417,0.049901684213970905,0.03168605227651076,-0.13574942674399615,0.4630787594915893,-0.10469342167741898,-0.13536994287642876,0.05807777060554496,-0.07727650475794152,0.07956212635188621,-0.1535523949441398,0.0749516965840176,0.14510179468115683,0.2148385465242432,-0.06333516600265257,-0.24657686658998837,-0.08286546648703161,-0.4036015086067014,0.07747828077735339,0.1881312464704346,-0.038362961995308996,-0.15691247094820218,-0.19993756351086453,-0.02689808656161594,0.13846259804335528,-0.11030153277893556,0.1308916204227094,-0.22517646158961474,-0.1277228918848922,0.23297432297814433,0.15432462811924108,0.04766128623022555
SEQ_0073,healthy,0.12451799977525456,-0.16264339154230686,0.16857905477133095,-0.2796501389847615,-0.0883844410881824,0.040559480359013744,0.01554986260793524,0.15803849481235005,-0.12790526809633407,0.17941694161892446,-0.20307052077600932,0.09524374674841204,0.12401818917941729,-0.1638147797498766,-0.1573352959232553,-0.017846708979031314,-0.00755535999190953,0.3208651529750474,-0.08674678169750437,0.2642024282972399,0.20263499672624977,0.059672368976715504,-0.25078875956940244,-0.024287868477052922,0.2310692095209058,-0.11663120567038161,0.023427353332964536,-0.1556512701892833,-0.16556973474254597,0.15878328312413523,-0.08725233131571528,0.03328510993029767,0.0490129204601565,0.08574228707483707,-0.04864621541241762,-0.15780608166866564,0.43263030042554845,-0.08049567469766597,-0.2136288030748142,0.005745090390799429,-0.08417133960900776,0.18602307156414327,-0.06546884657168334,0.07006949314397622,0.1312123487295975,0.19043501825850415,-0.07162630811601149,-0.2646499559917092,-0.20788486900590158,-0.4022705162294216,0.06720624916565485,0.11262605709965362,-0.03534394099503776,-0.20292100574247904,-0.1884958887067697,-0.04219278364459074,0.08409521645440067,-0.08101998329543719,0.11513461464531624,-0.16273648549945424,-0.16550616168280724,0.29479094571628517,0.12487307308245293,-0.0861228205217026
SEQ_0074,healthy,0.1172380586810028,-0.13744605631987977,0.19811729593824295,-0.2766166237024592,-0.023877392413043808,0.12260689306569748,-0.03148566289011821,0.10283788096185849,-0.13304509751426197,0.20570873130498982,-0.20758954149534417,0.03985824642923812,0.1153825075407319,-0.1344485450027942,-0.10976491807397765,0.06537349683424659,-0.019110838875087507,0.31708127443279177,-0.09387513294859562,0.11500628852075813,0.11620742464041967,0.15413641946916548,-0.12428920016002931,-0.04506874032242364,0.18991313677571983,-0.093760760000726,0.02546236476545931,-0.1513339722150495,-0.141046373621922,0.16256602156519892,-0.01001622558627458,0.00879833672187029,0.09048454876321767,0.07720847706195434,-0.09710223958601294,-0.168129730582645,0.4212379448980554,-0.12327776343278532,-0.1838233375896956,0.029984094775770027,-0.10280910078358378,0.18140576690731827,-0.07434403554911512,0.11178711640661068,0.21737981725030972,0.22947284637808127,0.02271673540070111,-0.3032187688426192,-0.2809218121841294,-0.4245103547068563,0.05933813482298837,0.13668879831108435,-0.06399469839971499,-0.22513989025068978,-0.0795615288426252,0.06829117636809945,0.03145972336292944,-0.10554184441479143,0.1987698841258266,-0.15256371519864342,-0.17240599560267175,0.26758653152229245,0.15752797829531606,-0.08410279685273776
SEQ_0075,disease,0.14000976327764286,-0.15901278417932516,0.2545383449954316,-0.28328081853098713,-0.02824450840163285,0.12385927758014602,-0.01465757956431082,0.102369345389956,-0.16288849521113455,0.1805398508831636,-0.20682968094323062,-0.03545196457558255,0.11432817903040443,-0.08055379872373898,-0.18697713799246368,-0.007995267494816712,-0.012177660130174094,0.4026556476015555,-0.05283357694699746,0.24695276126158386,0.17851811167368536,0.031047150851160183,-0.16186111565880107,-0.07491410664954298,0.16068429643225443,-0.13336394957068046,0.01746110985677142,-0.1553032511226977,-0.0914582058742326,0.1582787610748714,-0.07997911107780503,-0.01362294472144948,0.024047138222318812,0.02296129094586134,-0.0440325811411519,-0.1569136283644158,0.386203425717831,-0.08438829487370164,-0.13910998402718008,0.06787762534177623,-0.14289732516824005,0.0681526841923731,-0.045422003668387785,0.11179266737830518,0.1311448605140303,0.22738602891960874,0.015187344734676023,-0.26876251509553073,-0.23402916584532987,-0.43750698910149427,0.07621091481967582,0.13277719790017856,-0.05748179942341062,-0.20163878372148536,-0.16991980212073293,-0.11650558555644855,0.10359952052713181,-0.1361663442757089,0.07370004906747635,-0.16586720207776337,-0.19509560686561558,0.25709383174004,0.12139901037357996,0.0791395348304205
SEQ_0076,healthy,0.1751194983886854,-0.17622715301907238,0.2293776789791751,-0.2988289312917756,-0.040712971883466995,0.14612396915694867,-0.028634825409890048,0.10256789768234441,-0.12181688137501168,0.15380603741621388,-0.29413162699818973,0.05729726387897137,0.14827120264076715,-0.1265720802480007,-0.13682015242365123,0.01601351635002717,0.018240874832439233,0.2996669759868312,-0.08377305254646947,0.15325340732644313,0.19404244848652533,0.09171432362561437,-0.12540719734502204,-0.04420794729485356,0.2266380919013334,-0.11750634470251886,0.021197509072347697,-0.11932678587387291,-0.15730031593029314,0.11816206291193641,-0.02133927216341414,0.033742802007695666,0.13529177274076729,0.049193236547635834,-0.08211520002667008,-0.14026849385790516,0.4647873902554907,-0.07682975395562203,-0.18560628408567303,-0.013237709160683788,-0.05244274710794838,0.15537072580240238,-0.04079577585509494,0.11408547648778232,0.2161877126310372,0.1919117593813412,-0.0030510148168229946,-0.27317623546827413,-0.17807672276255784,-0.40628098748114466,0.007185594925231704,0.11165413150758832,-0.1037626818021694,-0.2686807585892788,-0.05726038816185098,0.005398347172954958,0.08596876980152464,-0.09432166572196739,0.21046666207712975,-0.25111954826700483,-0.11598204222411004,0.22157958881117865,0.14462735300352522,-0.048962014373474055
SEQ_0077,healthy,0.07945388927949958,-0.1758898548006973,0.21871045088420477,-0.3000394395255419,-0.015482126171201817,0.13128095930694217,-0.017026654498138803,0.03761575329978218,-0.14842743703570238,0.18461486865488755,-0.2265909458262834,-0.029006332703202128,0.10297679007138676,-0.03900408023431332,-0.11470598148034816,-0.0006493310866515551,-0.02164534431150253,0.2656567467559488,-0.044267952671477366,0.18953737826526285,0.09297657659130106,0.1305706451937588,-0.07419352113386822,-0.045123156003001784,0.16384073246599767,-0.10085401310155459,-0.003324046647088249,-0.14466146454802226,-0.15440823113441143,0.1943931903056314,-0.06099392791243427,0.018827697240837982,0.03873676706918351,0.06178390339348681,-0.10967837761021286,-0.20884176274219812,0.3818378152161737,-0.10150387832167197,-0.08771326692892256,0.08837669097145028,-0.10543896043432852,0.19172107641982647,-0.060379637782397126,0.08047694561735005,0.2415411219158929,0.22651337609748384,-0.011921557588701705,-0.3230218077447806,-0.249997299886733,-0.4729975746620173,0.08097687595799906,0.16609513790066788,-0.1508802024022401,-0.16270435042475626,-0.1832046884437649,-0.016950089440999173,0.01773518364061103,-0.12669283983162474,0.1956803133066924,-0.18474795484170797,-0.16309765639820714,0.24603284680594123,0.18033812182385514,-0.04684305116957792
SEQ_0078,disease,0.18924304750499163,-0.20209130191364877,0.214192540822846,-0.18566098358521457,-0.018167605135589345,0.05698153492206094,-0.026304175876848912,0.07988162720538992,-0.17695317984870282,0.2384182729931546,-0.2288236886227834,-0.01779273584950739,0.07117617731374427,-0.11487360981199296,-0.22586705047095224,-0.0006312987116319651,0.058015265516723646,0.40982496737139895,-0.09462160984680323,0.20393598401316176,0.12729343714063585,-0.0008705467007736978,-0.16691687809434394,-0.008638633155759646,0.17927075883321658,-0.1649649264350393,-0.051061818106737045,-0.13591711552995772,-0.09419865664943436,0.18906872630897142,-0.07263087007357849,-0.007764068208804578,0.019202905305625958,0.0553696195012858,0.027288337846149664,-0.17011704808444567,0.39760170434308445,-0.179671219721777,-0.11297368432408873,0.02693120522069379,-0.10028916838084183,0.09074134288261257,-0.11405693650458366,0.10526539180724055,0.1640059412875346,0.2588208577839707,-0.0040455072563781,-0.3158116118167403,-0.19786011045848073,-0.34886736980664096,0.14434245931187495,0.11303232561855657,-0.13358053589777416,-0.17862651545346064,-0.2240250835365729,-0.037884322929369454,0.12177270985067946,-0.10626589892613807,0.1678120554412991,-0.16915484089186783,-0.17187108099526183,0.20962005595000072,0.1193897199946194,0.05154668625664337
SEQ_0079,disease,0.15682256712974646,-0.21126827278102875,0.21529022924525845,-0.21559020515717883,0.031973794161807734,0.018872204827817252,-0.040562684439600136,0.09019424243127903,-0.137872943384388,0.21969408920765,-0.1464329491473261,0.0022255220576752935,0.052799140458275974,-0.14967455432076315,-0.19478583177917777,-0.02868977894708627,-0.0631782064166334,0.4822954041337789,-0.09430691437408087,0.24642008130206783,0.13343864212858272,0.07824460356979825,-0.20112432574055855,-0.14393193856233966,0.12228484255962345,-0.1789765234524277,-0.010970380102789872,-0.10072201344441907,-0.10524156608648504,0.13258054841945893,-0.09925883294882651,0.015468518900495923,-0.000712198445155786,0.08269592464350978,-0.018495774760761856,-0.10331621351604892,0.40167349801532165,-0.11757545726445523,-0.123441262975735,0.12188487560884698,-0.09274699250398921,0.016295397698359054,-0.073697600517027,0.06838654609919151,0.11292045912647955,0.2357890209180693,-0.055361266906758556,-0.28153593904109975,-0.2337711776213387,-0.4393592792235929,0.11540597966413958,0.14743792978090853,-0.050810656698721014,-0.11458726054979834,-0.23713446550663078,-0.0517778896094435,0.08260031922162586,-0.20261884065523594,0.0386873723194619,-0.17781686531830784,-0.1841076758569952,0.26717181069835255,0.14453200941145297,0.09155589645863088
SEQ_0080,healthy,0.1611915743688675,-0.1947661332854466,0.19444697523902957,-0.2508500993324652,-0.00946215521772894,0.08520165453803873,-0.012644085154973212,0.08965579796224923,-0.13236211156221142,0.1698892253191609,-0.25537310332233093,0.009545204076380803,0.13295473398074423,-0.11106632910638775,-0.1682469442676335,0.007908288523937592,0.042839557491659026,0.2805038346491125,-0.08993305309324276,0.149241650962852,0.1480225902371639,0.12263269920002713,-0.153340610653185,-0.01603894208233793,0.15894508036152594,-0.14674899135564037,0.005765372694585841,-0.14767941019937705,-0.15257321310288238,0.18427621638528427,-0.07854355696978899,-0.004836466190441507,0.044927207237368566,0.0716546259076347,-0.061697786130283046,-0.14808397277413046,0.4254635888040759,-0.1264751220981143,-0.12939394242632163,0.0795454451946489,-0.07984474518128445,0.1504860064200788,-0.08441775401920594,0.0720804873222188,0.22948086291293393,0.25834289898912594,-0.05852760696524092,-0.3197913457969106,-0.19521923674403002,-0.42664724869516574,0.12743584042023168,0.13783041885984224,-0.06903589936022733,-0.1972250261252188,-0.16068410742379446,0.01133326404515676,0.034040721147866486,-0.056173423275593916,0.2104657866862811,-0.13158373758530179,-0.1308092267271744,0.23883938776425365,0.18272954677414302,-0.05574649783496607
SEQ_0081,healthy,0.13632320496358824,-0.15431403662959567,0.17024274440010273,-0.32791678106461714,-0.09785027072508515,-0.01627421803677794,0.0327719524344243,0.17873236471642615,-0.13355433264667663,0.18187179330191203,-0.22637236272143302,0.14977051831787144,0.18469432165528998,-0.11340574541728671,-0.12285243860408507,0.06742298035955281,0.09412141828322113,0.33493062598311085,-0.08584788706975183,0.27237454232636793,0.15280712666592822,0.03207700770371076,-0.16316771639715544,0.01249288417500406,0.21788613986950817,-0.11847681947505086,0.0478983463530246,-0.17601151141890556,-0.14444993835480957,0.15105137208719932,-0.09939009032304544,0.06343215669059628,0.018738279333811142,0.03462658152334777,-0.06412172394782109,-0.13051546352278845,0.40105093354605215,-0.0975561628241607,-0.25559712339488494,-0.02459718546768065,-0.07446795608705228,0.19747772326016066,-0.046785506355862004,0.13791670964133626,0.16146532967000343,0.21421935603788123,-0.04330069868313597,-0.3250060676661456,-0.26325875771783264,-0.36329729652141374,0.08611015341240318,-0.013845034121088975,-0.11533632660753254,-0.289132762162729,-0.13978373047583945,-0.10676641724992211,0.03952494904369171,-0.0586157888154183,0.19938851208601407,-0.16301545061995712,-0.17396033301928085,0.2884844198588187,0.07719223447304926,-0.11110629422176604
SEQ_0082,disease,0.17244071818910392,-0.19083546022979275,0.27555290302801144,-0.22527163431340433,0.030742520011320888,0.17277244511124787,-0.010592067910786566,0.06014139084608987,-0.164083913792354,0.1938092075714058,-0.22317039291827453,-0.05434941559603465,0.1284976922734944,-0.1017832807164115,-0.17548204632585948,-0.019072172487103217,-0.021145567158100592,0.35663451749722724,-0.07150440255267197,0.1650601683096122,0.17994440262195932,0.0628499483675168,-0.16756588252821492,-0.06994423166117412,0.18649139523355665,-0.14196412425304913,-0.020497383677850357,-0.12120818078170814,-0.09085427242770543,0.1472313669602763,-0.02863394458666144,-0.021551590670325357,0.036181812457430046,0.06122709690606429,-0.000973963690738493,-0.19079961704833576,0.39278308957738983,-0.1309504741874456,-0.09840773722730609,0.057817629224823475,-0.146053785871462,0.06841593471529064,-0.09941508942691452,0.0972564796584454,0.17104018228594264,0.23940361146081088,-0.012954772517569,-0.29814158961110027,-0.15989753088764638,-0.4441267408949127,0.124823880523695,0.13009329419007953,-0.05289428931896507,-0.17405620287014115,-0.1593396762542404,-0.053199373860508596,0.12354680806553743,-0.13509631985881534,0.12979930661353004,-0.21344192380336785,-0.12825815547447317,0.23737883731340575,0.16794132716179255,0.08794756604234963
SEQ_0083,disease,0.18662513786893753,-0.1884122857147683,0.21867928272019782,-0.23704275693511206,-0.012611879545600817,0.0737687859801149,-0.0352940675905306,0.07731308083927134,-0.21862344739667425,0.16966903632808486,-0.20988026073107163,-0.010038684651008803,0.12561340417603636,-0.07114255438400408,-0.18474220728575713,0.0004314391892987604,0.022614249395947417,0.38210656281653493,-0.06470499356342488,0.23878914384831276,0.17201952693674968,0.025465241077160892,-0.1744533033486414,-0.03452267532407565,0.17111599881883793,-0.1937339771568549,-0.018662664510386937,-0.13129967524949324,-0.11481265373420263,0.1445455539884465,-0.07287813539391019,-0.0039628980833802795,0.0025723942542168494,0.0158208525551889,0.011955817221650676,-0.14380730012288834,0.39159065921040237,-0.10810309085911887,-0.14515777331766558,0.07961927906959772,-0.11657819589310163,0.067414609973967,-0.14548061713367505,0.11328056857579388,0.12062595483541741,0.22952805457714215,-0.022365851556505726,-0.3455704711968656,-0.17238029196469914,-0.41525832821587527,0.09165859417706972,0.07648984223894466,-0.06560796623239318,-0.1829322476867961,-0.17410089148085822,-0.0934462218961862,0.09698767071950042,-0.07934334267253197,0.14343386503196512,-0.2321493746581438,-0.1642444326819461,0.24448105272775944,0.15314730051800765,0.0692609768057862
SEQ_0084,healthy,0.12181424735673682,-0.16495223384888183,0.19248701960810924,-0.28977409202252163,-0.08131539571221318,0.11835928512519114,-0.017014562146193228,0.13144067112288615,-0.14765919872173083,0.12388319018260556,-0.2203034687523377,0.03640338132284566,0.15764058276006646,-0.1596999516546442,-0.152499261134472,0.03937732837580173,-0.03045786640092715,0.28152730515168983,-0.07670635633767832,0.14938639958377667,0.1348362331142301,0.14647544620161054,-0.21284312588379128,-0.022327636240915407,0.15372631880247759,-0.09703497824058652,0.007260865242217657,-0.17786635148761082,-0.17225309554922996,0.18793672281853305,-0.04992950314122025,0.012175597315395643,0.07052560735650078,0.09529061401464728,-0.11451131382085328,-0.15139920236379306,0.40732865138555147,-0.08132157242874567,-0.17682682494302981,0.04971063899830952,-0.13887338256870543,0.2053991416553797,-0.08909837548126533,0.07640127586844446,0.19015241897310736,0.22494272290387604,-0.03390941143263222,-0.3012907017013095,-0.2157312487925499,-0.4523772308729771,0.08216637734037502,0.12758493138388946,0.003869002432694008,-0.19594326249131108,-0.11652130641721194,0.04376138432045471,0.02508401353115439,-0.07149147218664831,0.18865654669379325,-0.11559883861865033,-0.15952096283923647,0.27677724496285766,0.15086889283656169,-0.09436701419752071
SEQ_0085,disease,0.17550844721308756,-0.18966084325872784,0.235260518358658,-0.23123419074402377,-0.027659959008606096,0.07181194715531533,-0.008218720461564452,0.0939244817581479,-0.17701486939229463,0.17664086407239282,-0.20352218240319156,0.01072346124158391,0.11183134933617772,-0.11441773105432113,-0.19095902915805288,-0.01961958900841872,0.002594237320995207,0.3974132733845985,-0.09002699008172803,0.2617324549558218,0.19870892009112257,0.014375006378583311,-0.20991857728682217,-0.046213571268261776,0.18745497758361285,-0.16667374986506808,-0.005651271224028976,-0.1343238888649198,-0.11704011293495492,0.12939049810856718,-0.0678159117768488,0.015269599114724917,0.03478033217208695,0.053281478813761406,0.023971944014592208,-0.1475352542088045,0.40632713218039035,-0.08939450406248876,-0.16333339210450581,0.04749021664582045,-0.0925569679594508,0.06467100717718657,-0.10625277563795454,0.06837947970095988,0.11120700023573399,0.20880585817689196,-0.06217624245205708,-0.3029440079673463,-0.15580502786942663,-0.40063251608861117,0.0925578847813206,0.08788929054819826,-0.04508970339900455,-0.18215301963043462,-0.19339365687368054,-0.09478672183046777,0.12601640417695958,-0.11466922820264286,0.11489396721765947,-0.22440109023016722,-0.17571940337357167,0.256725086065346,0.1424337180384921,0.07361995184447305
SEQ_0086,disease,0.14962405141130627,-0.2382207195273651,0.23110254693317744,-0.23908042041789132,-0.014947971912998431,0.047539147242220615,-0.04307708049287618,0.0705303686909173,-0.2136518306806048,0.15980858696209804,-0.19584558879450104,0.00773810404325828,0.07291495381287967,-0.07146421000210282,-0.2113872149797414,-0.06012951145219374,-0.02377502749309443,0.44789109723210163,-0.08289402481620363,0.2897720991152819,0.15562872458005464,-0.008507622281484157,-0.19111988016189557,-0.06939453090426184,0.1747243239817617,-0.19666171142630348,-0.027157086690430952,-0.08971133425401494,-0.11429118745748075,0.12638141781175327,-0.09182974710576176,0.004071399888683748,0.018693799380858935,0.051332222985406115,0.03401307752786871,-0.1332474818427795,0.3981487722172544,-0.07721537390634317,-0.13469252123222658,0.07337989268293765,-0.08766189659920945,0.020954964995408654,-0.14781760542487007,0.07451112033420988,0.07010820767775282,0.18788333587805978,-0.08405347337275203,-0.29006010135808297,-0.15672281740836969,-0.42264166490933647,0.08340582769749282,0.1121482425090521,-0.08071121929734083,-0.13721811815162266,-0.23839944780276007,-0.13074621728138808,0.12315097901082343,-0.14520308540236548,0.08072171398730937,-0.2756068899495598,-0.17151886381492173,0.26455239265489877,0.16246935309046823,0.10585007495268962
SEQ_0087,disease,0.17026547110964235,-0.18486803557980194,0.20309020362804683,-0.2439098956081181,0.0016994125548456668,0.05245965233590358,0.004344251315848381,0.1012002552422032,-0.1243617545498854,0.18791378858921362,-0.21569834041749938,0.03841388504437893,0.09808358571320767,-0.1216973002345376,-0.15631964647205224,-0.03671165585220746,-0.041314103548057146,0.3650111624792409,-0.08442036662313941,0.20987543721438348,0.19093820117337962,0.07537453604388823,-0.19185006936938517,-0.0654520771946992,0.18131965224346444,-0.14579235904325108,-0.017654523620128152,-0.11122945814435363,-0.1550155563053463,0.13179475938621876,-0.04662644201398406,0.009808628020866248,0.06190453489289149,0.08140173773267108,-0.039470304077223975,-0.1266752404605973,0.44365674857456294,-0.08190357911254045,-0.13395455017121413,0.04937217301300349,-0.0747289602230389,0.12030344162088884,-0.07128660788176334,0.07517454424723623,0.15143711377974028,0.20359200608774813,-0.0715360458136293,-0.2840104002995553,-0.19517111952342675,-0.42639112179638206,0.10105171282210731,0.14131915060086792,-0.06844305661415147,-0.1787515230396709,-0.1686197400477134,-0.02348803847052172,0.07868617930761752,-0.13220867884852203,0.11041376139634626,-0.21384953659799932,-0.12454183245633463,0.2733466682778783,0.16065569478726985,-0.005800431995891119
SEQ_0088,disease,0.21541007742165577,-0.19277110815138465,0.19189978651946873,-0.2033747541364569,0.058800634013299304,0.09293819601110509,-0.005476497109916353,0.05623818074721913,-0.1452710200483337,0.2758422172874663,-0.23984072841128784,-0.06984814843920512,0.1086306929206298,-0.06728884433357915,-0.18858407851345546,-0.07335836104135571,-0.02113563463771603,0.3801175907360628,-0.043253710160626464,0.19710912331237396,0.16499411447154508,0.05425671390287804,-0.1485230869812645,-0.052057134514623175,0.16972381246462104,-0.14516479754623537,-0.08020612797044516,-0.10022184215662755,-0.11521363215176382,0.16115419612954432,-0.07627314501997101,-0.052368181941900904,-0.008745568149752171,0.06704402856389359,0.009732791031283931,-0.13930017279212278,0.35852482262071445,-0.17014393519224388,-0.029144977704289542,0.05351713072920122,-0.1293328655068255,0.06795297919907908,-0.1084633060962142,0.12509603020856622,0.17943161642699082,0.23369214038777592,0.029429565008312,-0.3883758567287184,-0.1985040694722173,-0.41530195044360024,0.15475783806753352,0.1449760732143139,-0.1901196508054593,-0.11360722174598628,-0.21917643618754382,-0.042676828549986515,0.11596366612037246,-0.1013811112616172,0.09494322079959018,-0.2686981441825453,-0.09653821754953217,0.21913141705383885,0.12018187788722869,0.0589303322797953
SEQ_0089,disease,0.14576569455597124,-0.19552962675240235,0.19677681271927303,-0.27338565210578725,0.004399008796587159,0.11372589381478375,-0.030820305573325425,0.05577682216690767,-0.13843945758662396,0.18528985110301252,-0.24942628193744523,-0.027175061561613048,0.12162636068802395,-0.057534338505575246,-0.20551176084801848,-0.004706371249510723,0.029517051260432563,0.36240498099605856,-0.06288615362506593,0.21723789303381677,0.19583152164249137,0.05596487788513327,-0.13614860119089617,-0.03982050135442455,0.18630391895791182,-0.11890550205697976,0.027429450321966396,-0.15119448992772913,-0.1497086277885931,0.15578058209295087,-0.10036063838979159,-0.042809869945316575,0.0390613166286494,0.026502660970401378,-0.03728007803715359,-0.14383313074689796,0.39848115253253097,-0.08236590287859706,-0.1685112803318366,0.08304494584694452,-0.09998530809587979,0.09775817080577574,-0.070534310896882,0.1307984370798107,0.18285718494103687,0.20970027180518855,0.02388945586086358,-0.3124450570486904,-0.22244967319045167,-0.44192000709156753,0.010235000690811851,0.14372525692796911,-0.07518225586322702,-0.1787767129184237,-0.12767098618655245,-0.07869475381808463,0.12456048925811451,-0.05094603690524556,0.10381027740972654,-0.2444050501143002,-0.1692874794204969,0.24618954871258142,0.15916830570533963,0.0026883402351979154
SEQ_0090,disease,0.18070262213898056,-0.21749692283672292,0.30135099365153245,-0.20144133612810391,-0.03300503647205557,0.10137357000074705,-0.012949424755474068,0.08915109518995787,-0.20733484123272025,0.19790726666390157,-0.21751030457264275,-0.01694059616875842,0.08510585072212681,-0.09670142171909762,-0.21421736849885925,-0.007142510817760688,0.059901664125228495,0.39236017779375876,-0.09163772845159086,0.18512776668060926,0.15753514823826825,-0.005768172412925386,-0.17250734638245288,-0.014518471151335866,0.2009920918935938,-0.19326216852483494,-0.05095951186979539,-0.0943827317035005,-0.03486065417411022,0.16962176758601777,-0.03649368340034171,-0.0016836474500055247,0.03338571601711461,0.03556647096145981,0.06331909600328674,-0.19235021271477656,0.4073980872265352,-0.1395935362935656,-0.10667168562722028,0.046342689895231895,-0.13649896429456698,0.059899574223479815,-0.12264553291077245,0.08477334175640444,0.1625400053497296,0.27267187252115366,-0.06349028953197469,-0.27759230951810626,-0.11900298795229733,-0.39151417646339226,0.17217975035642757,0.10023989765886433,-0.05361267176889414,-0.21933158901551522,-0.21429625798978358,-0.11385920627064745,0.13565288603339493,-0.11468048895162643,0.20218452162159956,-0.1787958479200549,-0.1338629429411772,0.20285994733062976,0.14448086500970697,0.11475903694753777
SEQ_0091,disease,0.17223079706654928,-0.18038348327136472,0.19424756764339146,-0.2162727990936466,-0.0161457110529691,0.052009416598934446,-0.06627738763168702,0.10783570979830687,-0.17804560986509615,0.2182948727293542,-0.2109571269920796,0.03616555177974138,0.05605323097265719,-0.10711827073184323,-0.1727873444456536,-0.08466467647694328,-0.03762598532335056,0.42708035541038797,-0.125476667040725,0.19200710808605886,0.18654096830095168,0.05307986074996913,-0.17317793565514408,-0.053703763784942155,0.185425532880592,-0.1749639299878029,-0.06360068050662805,-0.08212417420436667,-0.10697830627136755,0.12408539257883931,-0.04791395485636311,-0.01273349708420656,0.08231601387988466,0.057986755719467785,0.017223451779825576,-0.1042044848241203,0.45028717475659774,-0.09930287513847622,-0.1334725791810402,0.0298600568685729,-0.0927343249196035,0.09336884850934715,-0.16396325130887107,0.07838092613833997,0.14538813512876103,0.1891938417529589,-0.07624787627514468,-0.2927853727301507,-0.15801722767599624,-0.39521556054730816,0.09276965453739834,0.16815352630714567,-0.0981311464597724,-0.15081507247117254,-0.19415589291367455,-0.04050806758221744,0.09855053227109786,-0.12365986738491803,0.09575619707116251,-0.2594300449907942,-0.13790812828340737,0.2456280370435454,0.1444677743214501,-0.0013874440520077603
SEQ_0092,disease,0.12706233387284044,-0.22248784923295714,0.17188432870968512,-0.2362258912726407,0.0031716067098495775,0.01816300312732411,-0.051255925333417496,0.11078556306470387,-0.15185852443653164,0.18813998562563036,-0.18215222085493257,0.003743629359890541,0.07908451108656132,-0.13149466431668544,-0.20890708724635698,-0.05874818248330436,-0.05020106097528204,0.4512314429524733,-0.10126532884279948,0.2208654767573835,0.1322474723066522,0.12054500781967284,-0.2293832077311521,-0.09593241739696727,0.13866743604353446,-0.15065106432951997,-0.021310222050992023,-0.1282894184208427,-0.13929220711395396,0.17055973097367075,-0.16074489616445437,0.02257379127206753,0.012291192538964551,0.09335251558164272,-0.04929593600582022,-0.09791183665074656,0.4134174959278459,-0.12411419535704567,-0.12496491544295632,0.1113982258995604,-0.08993758387914724,0.08258401466679298,-0.10405600383795532,0.05123426776147503,0.11878944506958362,0.215844986687153,-0.07797289757722495,-0.2447541517741962,-0.2118087249796537,-0.4371909216733611,0.11166577517636243,0.1747528387342962,-0.05592019313629357,-0.10839614749074987,-0.2575926433449408,-0.017443652301856814,0.04626889981387842,-0.15916657182349428,0.06483921558511008,-0.12999029647264945,-0.17775011409262675,0.29034430522132343,0.13105797812204095,0.005638417809313931
SEQ_0093,disease,0.08836790152449787,-0.1940626010918049,0.1908550637323284,-0.22611478766885595,0.012829006562044365,0.03322510348466765,-0.07892961000161837,0.13251684765583266,-0.09197726118927405,0.23477326066453566,-0.15552186507466584,0.06382467527832503,0.027993590739090416,-0.19485315411521256,-0.15169469943349218,-0.06624510567397067,-0.10013884433840246,0.45812976170667086,-0.14037989171647533,0.17212021939459568,0.15759305558883618,0.14032956851359224,-0.23742160545199298,-0.15200200989971993,0.19766789639617796,-0.1528205378347092,0.03149274979014232,-0.057913771474293635,-0.1100234107792297,0.1476978969035514,-0.07357098072247187,0.009532529329217235,0.07683855063989245,0.11479955484288809,-0.029671933118449047,-0.06708959247367832,0.49388290488375747,-0.09034533064062888,-0.14373968700008058,0.1312854729591613,-0.06835378865159274,0.06012255624607348,-0.07886354887947196,0.03651024117144706,0.1424380097415449,0.24238358995971943,-0.11735014864787018,-0.16264444160346692,-0.20380577894849497,-0.4504910126279456,0.08398562685826463,0.24641085618509065,0.009842028556852876,-0.1430274141621135,-0.22206502632225117,0.00390592079876016,0.07131397392512216,-0.17531750575218624,0.045941717666603155,-0.13940333538235147,-0.16062840380469992,0.30191372122429716,0.18926535503069303,0.005128367766918868
SEQ_0094,disease,0.17221099527670738,-0.16717997391888967,0.2725978915059913,-0.27482473381372047,-0.007096756262654252,0.18516379511943085,0.010485512585310868,0.08536992094422169,-0.16445544320005842,0.20183427319415095,-0.2049119116861214,-0.043866227401377605,0.13679841174009078,-0.11564510622665813,-0.12827452072964318,0.03282541399726189,-0.07765851079962822,0.39792944009632936,-0.02643259796956574,0.1909455912639333,0.14693331183741073,0.0742807528312483,-0.08963074527204776,-0.10565415685792427,0.15130619675106313,-0.137128650182296,-0.04415924775580442,-0.11323323147542906,-0.10236185964404558,0.06975309766218575,0.015836260789033177,-0.0011806998993563768,0.05063568686319351,0.06395158386528543,-0.04445465539034391,-0.1976102508298835,0.36150502452505356,-0.08489743302597112,-0.13643751633683937,0.03793439361256118,-0.14691104173737496,0.05915336839321478,-0.06208820144822824,0.14219538918469565,0.15272039448830332,0.18878944292404998,0.05878683468854921,-0.3407038358607733,-0.2476731555945875,-0.4746624295114012,0.051175068274504035,0.10396888738466407,-0.13730683711493086,-0.17317552343792647,-0.06630054619988344,-0.04062481752171772,0.11730736880850703,-0.1895962951057623,0.10642617050302677,-0.2854660337621161,-0.1576776335925303,0.2214648262895838,0.11588203298691833,0.058611553226721895
SEQ_0095,disease,0.08782410130444139,-0.2245875665156921,0.2904462688098534,-0.2687147198589776,-0.0236590632759666,0.11221576267809609,0.003289447597141981,0.09401432303198293,-0.17302652061113855,0.18191667153305968,-0.20798757656099237,-0.037064913066189115,0.06568928249028122,-0.09912636369685146,-0.1862583105679721,0.015485515723144064,-0.03666228104961447,0.3834042479063391,-0.055839764412456756,0.20159317697315002,0.12620165078536558,0.09033869050153708,-0.14544050983991128,-0.05875835654854032,0.15111898826035505,-0.10845004657728882,-0.02621910300547821,-0.12270051421590027,-0.08447630772612781,0.17334806420165982,-0.037161780327789974,0.0387315203648794,0.037443088758696015,0.1036518642034701,-0.06872677045631301,-0.20317502514487815,0.3950577141338435,-0.10276826779832877,-0.11533097501372544,0.07030847824618823,-0.134394347406772,0.13324371785675465,-0.025455273228473824,0.08783514956776158,0.1432529979760948,0.20356187823120006,-0.033254712470292755,-0.24683756707891882,-0.23019379888461067,-0.4265659770565308,0.10949851935360999,0.14463358926878633,-0.07831443115636563,-0.1957750385982298,-0.19846694433968853,-0.03887330267307736,0.07639766220819218,-0.21605009743093412,0.1455511372828297,-0.15873111616814017,-0.19013193999999933,0.26353835824143257,0.1567413500531507,0.06643329245336368
SEQ_0096,healthy,0.11932033662696508,-0.16076241820192574,0.18658451768346745,-0.26541814555172305,-0.14034233580651342,0.04523535934553668,-0.01898465033448949,0.13364380357874853,-0.15764513849142284,0.1749048230526144,-0.21321314505913255,0.05938652285136441,0.10642727504010291,-0.17579103810667246,-0.1821748483650857,-0.0002904977729150281,0.017121690705413837,0.34863837522632385,-0.11496458985018117,0.2553639622824604,0.1526343365519241,0.002919324926980199,-0.22647193424407336,0.008383590286001904,0.23026652665390254,-0.13375261940124392,-0.009988653265907853,-0.17928083505318537,-0.10928195138417766,0.1922083790234092,-0.07717847833723882,0.0387409908287608,0.03288264032600313,0.06525172834094113,0.004919156509843478,-0.15795448757023334,0.4233875957562274,-0.1275945839987945,-0.20401736914369695,-0.019747468819822613,-0.11592165883702674,0.1699734039957868,-0.10838162435185937,0.08996413467876126,0.1289521882760701,0.2092959087858613,-0.02456118898468945,-0.27992239395211777,-0.16292967360566635,-0.3554940982052304,0.06835245211919395,0.10207030880863262,-0.05395115315777744,-0.20918616769927706,-0.18649432215866066,-0.027410731181111602,0.10695249657046454,-0.08986831706197676,0.16515417431856455,-0.1672888971209274,-0.22002495103037617,0.25855987255382923,0.0963476281714078,-0.03505683205140647
SEQ_0097,healthy,0.18007945760350666,-0.1910900772538218,0.20230279164105452,-0.26755383684300754,-0.04017377839341157,0.08235119140323564,0.0028566773201176574,0.12197279316902082,-0.1115248599956347,0.16897463470497995,-0.2678355006615758,0.056389790634708316,0.14592074004432062,-0.20082961981542696,-0.12147893249917424,0.011772719757782988,-0.00928438571853769,0.26947540378678203,-0.06724889433610529,0.1931961178261647,0.18044568978533834,0.10997644024476179,-0.19600756863970295,-0.05356634926137421,0.20276577346163396,-0.13334594233728986,-0.0036512747330717846,-0.14206812161162155,-0.16763983789993167,0.12277592882323325,-0.04704541700559713,0.04789694222179156,0.058302858187520554,0.08928604279546996,-0.08011085939690746,-0.148078208457647,0.42217710253008983,-0.08610002743500948,-0.16877287239832234,0.024026220615091735,-0.05583958402815023,0.19325224771148475,-0.04161710485693111,0.0547996851491411,0.18012072957927197,0.21593716715948935,-0.07355151077937258,-0.3112557166994736,-0.16912770712717906,-0.4282249328217615,0.07908049386313482,0.08881103972451639,-0.10263583037281235,-0.21129676190961708,-0.13703717185650213,0.02224314179233419,0.06997243568557018,-0.13592651142160542,0.22513312831138457,-0.18717670888145377,-0.11939437907432912,0.22928408551859494,0.15127907241125516,-0.09087085776072507
SEQ_0098,disease,0.1844282990087721,-0.21832780194380075,0.22034946721908086,-0.21205173380094317,0.0359450840838186,0.08235299146071706,-0.07516725765888141,0.031057262418776405,-0.16417470916704507,0.17691280867957904,-0.2382251373220536,-0.06443091742332642,0.07081479995075955,-0.05681742575644785,-0.2574764983957419,-0.02505944444139428,0.0695989510073924,0.45472629952093596,-0.09570954928456983,0.2499623627891699,0.18475751917585345,-0.005276760946131445,-0.14654015718558344,-0.0657091550355815,0.15832448877237437,-0.16414529648335108,0.024781937180292875,-0.1261427820213794,-0.12288789603189795,0.17126877599296406,-0.12727201975534336,-0.03162662234029872,0.02937433823217234,0.016330763406718175,0.03271689495033121,-0.10326664264869373,0.4264239168729832,-0.12829188835627392,-0.12037213345748912,0.09503614784366672,-0.0749160810855939,0.01179832174031219,-0.08493388158608352,0.10976013910639289,0.14178482987840935,0.2471416849220263,0.010536614416974803,-0.29337843076603237,-0.2006405837179282,-0.3850376448830186,0.05119056400997936,0.1438530269037978,-0.08405332410975346,-0.1742170449116356,-0.19264909411330255,-0.10703207808822843,0.1360216636459149,-0.08085450388443999,0.07239449734063402,-0.21898670788081165,-0.20231762824623004,0.24505110843861017,0.17906463514326162,0.12941690338599796
SEQ_0099,disease,0.12782015920275558,-0.18051332440398635,0.2453306618434492,-0.2478568594921081,-0.001406405231303626,0.11026084593942587,-0.04538322017788053,0.035476607608511686,-0.2125808991433075,0.206908955665303,-0.16754191599208904,-0.017355868133695475,0.07670574040509638,-0.04110797792685866,-0.165947596443158,-0.006173125127606491,-0.035467523248991384,0.407468167166946,-0.09036424707545021,0.14988228337274076,0.09841104044826572,0.09547290496019636,-0.13537901831999458,-0.06240886189105261,0.19361943797921183,-0.16589822402117835,-0.023680195421736452,-0.08909083819932265,-0.11371330564951157,0.15860698376857568,-0.030466059670773534,0.008958839735383476,0.06488797153682246,0.05982222372573454,-0.02302464610049447,-0.16089987154749588,0.4332259212664827,-0.12746008828993255,-0.11266542323692857,0.07950780698427372,-0.10383864273577141,0.07684718587513485,-0.14399287802555952,0.09839005580768723,0.16984689157717414,0.21811799681987917,-0.006921737024275779,-0.26205109496969176,-0.1968662337390462,-0.42313776785874746,0.09091762248303271,0.1713338181518491,-0.07679062603113622,-0.17093485317116916,-0.16005744227878252,-0.006974333446809553,0.0641071437186453,-0.13770217971575385,0.14688514059531185,-0.19999053393486999,-0.15139751106614474,0.2554291756179953,0.17891409292020607,0.03678305505985745
SEQ_0100,disease,0.17083492413446463,-0.19034358232492396,0.2520363946807827,-0.201838267570493,-0.039968912100063654,0.050902659093223855,-0.04293292587338475,0.11176831981626024,-0.19815510280351303,0.21141299527392424,-0.16491444620380055,0.054814014204617297,0.06324067321794827,-0.1381837428717966,-0.18397676551719747,-0.05310489566010535,-0.031162968151934263,0.44798954265475305,-0.12581102461478386,0.21085406941420448,0.18141709708731252,0.02324591622768589,-0.24617450496873006,-0.08069037049701341,0.21639094373690618,-0.21677543228260396,-0.029948459175604937,-0.06155459587548466,-0.0776607207792884,0.13003194900147622,-0.02501467947786111,0.012997568996851068,0.0722335832550684,0.06203537230288274,0.0534595310152681,-0.11190405088949243,0.45894947928758123,-0.08902808148650604,-0.15256211723428253,0.059284655205622254,-0.09688523259410482,0.04674958307187026,-0.1769032524244162,0.060780255425523844,0.09372095099298082,0.2175127307015388,-0.11201213028629642,-0.24712206368548637,-0.11178035692925606,-0.4130398405322668,0.11157428545362598,0.13683537153916936,0.008229687383553123,-0.17701167344854582,-0.20265181494525225,-0.07283429465546941,0.11923607142236776,-0.13260439368056728,0.10152385920650742,-0.21523531321187855,-0.14271821774911386,0.26500748339900954,0.1561851741903308,0.07740374978360248
